2026-10-10 03:57:49,768 [INFO] 🚀 Starting Pro M3U Checker with Ultimate VOD Separation & BD Channel Fix...
2026-10-10 03:57:49,887 [INFO] ✅ Loaded: https://raw.githubusercontent.com/aiorbd-video/livxow/refs/heads/main/database/media/rebornmovies/english/marvelstudio/movies.m3u
2026-10-10 03:57:49,896 [INFO] ✅ Loaded: https://raw.githubusercontent.com/aiorbd-video/ffprobe/refs/heads/main/skym3u/russia.m3u
2026-10-10 03:57:49,922 [INFO] ✅ Loaded: https://raw.githubusercontent.com/aiorbd-video/livxow/refs/heads/main/database/media/criticx.m3u
2026-10-10 03:57:49,948 [INFO] ✅ Loaded: https://m3u-tvb.pages.dev/ayna+.m3u
2026-10-10 03:57:49,997 [INFO] ✅ Loaded: https://raw.githubusercontent.com/aiorbd-video/livxow/refs/heads/main/database/media/verse.m3u
2026-10-10 03:57:50,061 [INFO] ✅ Loaded: https://raw.githubusercontent.com/aiorbd-video/ffprobe/refs/heads/main/skym3u/bangla-hindi-sports.m3u
2026-10-10 03:57:51,330 [INFO] ✅ Loaded: http://alixbd.com/2022.m3u
2026-10-10 03:57:51,331 [INFO] ✅ Found 1279 unique Channels. Starting validation...
2026-10-10 03:57:51,607 [INFO] 🔴 DEAD: [Спорт] Sport 1 (All links failed)
2026-10-10 03:57:51,607 [INFO] 🔴 DEAD: [Матч!] Матч! Премьер (All links failed)
2026-10-10 03:57:51,608 [INFO] 🔴 DEAD: [Матч!] Матч! Футбол 2 (All links failed)
2026-10-10 03:57:51,608 [INFO] 🔴 DEAD: [Спорт] Eurosport 1 (All links failed)
2026-10-10 03:57:51,608 [INFO] 🔴 DEAD: [Экстрим] Русский Экстрим (All links failed)
2026-10-10 03:57:51,616 [INFO] 🔴 DEAD: [Футбол] Setanta Sports+ Ukraine (All links failed)
2026-10-10 03:57:51,619 [INFO] 🔴 DEAD: [Спорт] Setanta Sports 2 Kz (All links failed)
2026-10-10 03:57:51,622 [INFO] 🔴 DEAD: [Спорт] Viju+ Sport (All links failed)
2026-10-10 03:57:51,622 [INFO] 🔴 DEAD: [Единоборства] Бокс Тв (All links failed)
2026-10-10 03:57:51,622 [INFO] 🔴 DEAD: [Спорт] Eurosport 2 (All links failed)
2026-10-10 03:57:51,623 [INFO] 🔴 DEAD: [Матч!] Матч! (All links failed)
2026-10-10 03:57:51,623 [INFO] 🔴 DEAD: [Футбол] Футбол (All links failed)
2026-10-10 03:57:51,628 [INFO] 🔴 DEAD: [Матч!] Матч! Боец (All links failed)
2026-10-10 03:57:51,743 [INFO] 🔴 DEAD: [Спорт] Sportdigital Free (All links failed)
2026-10-10 03:57:51,895 [INFO] 🔴 DEAD: [Футбол] Fifa+ (All links failed)
2026-10-10 03:57:52,023 [INFO] 🔴 DEAD: [Футбол] Okko Футбол (All links failed)
2026-10-10 03:57:52,033 [INFO] 🔴 DEAD: [VOD / Movies] Awarapan 2 [Cam] (2026) (All links failed)
2026-10-10 03:57:52,034 [INFO] 🔴 DEAD: [Футбол] Мяч (All links failed)
2026-10-10 03:57:52,034 [INFO] 🔴 DEAD: [Баскетбол] Мир Баскетбола (All links failed)
2026-10-10 03:57:52,064 [INFO] 🔴 DEAD: [Хоккей] Хоккей Тв (All links failed)
2026-10-10 03:57:52,623 [INFO] 🟢 OK: [Единоборства] Ufc Network (Selected 1 link)
2026-10-10 03:57:52,688 [INFO] 🟢 OK: [Спорт] Espn 2 (Selected 1 link)
2026-10-10 03:57:53,053 [INFO] 🟢 OK: [Bangladesh] Atn Bangla Hd (Selected 1 link)
2026-10-10 03:57:53,072 [INFO] 🟢 OK: [Bangladesh] My Tv Hd (Selected 1 link)
2026-10-10 03:57:53,118 [INFO] 🟢 OK: [Футбол] Setanta Sports 1 (Selected 1 link)
2026-10-10 03:57:53,231 [INFO] 🟢 OK: [India] Ananda Tv (Selected 1 link)
2026-10-10 03:57:53,592 [INFO] 🟢 OK: [India] Channel S (Selected 1 link)
2026-10-10 03:57:53,827 [INFO] 🟢 OK: [India] Zee Bangla Hd (Selected 1 link)
2026-10-10 03:57:53,926 [INFO] 🟢 OK: [Хоккей] Khl (Selected 1 link)
2026-10-10 03:57:54,050 [INFO] 🟢 OK: [Music] Bengal Beats (Selected 1 link)
2026-10-10 03:57:54,060 [INFO] 🟢 OK: [VOD / Movies] Guardian Of The Galaxy (2014) Hindi (Selected 1 link)
2026-10-10 03:57:54,124 [INFO] 🟢 OK: [VOD / Movies] Gurdian Of The Galaxy (Vol 2) (Hindi) 2017 (Selected 1 link)
2026-10-10 03:57:54,135 [INFO] 🔴 DEAD: [India] Green Tv Hd (All links failed)
2026-10-10 03:57:54,184 [INFO] 🔴 DEAD: [India] Sun Bangla Hd (All links failed)
2026-10-10 03:57:54,473 [INFO] 🟢 OK: [India] Sony Entertainment Hd (Selected 1 link)
2026-10-10 03:57:54,476 [INFO] 🟢 OK: [Матч!] Матч! Страна (Selected 1 link)
2026-10-10 03:57:54,552 [INFO] 🟢 OK: [India] Enterten Bangla Hd (Selected 1 link)
2026-10-10 03:57:54,637 [INFO] 🟢 OK: [Экстрим] Extreme Sports (Selected 1 link)
2026-10-10 03:57:54,641 [INFO] 🟢 OK: [Единоборства] Удар (Selected 1 link)
2026-10-10 03:57:54,664 [INFO] 🔴 DEAD: [India] &Tv Hd (All links failed)
2026-10-10 03:57:54,807 [INFO] 🟢 OK: [Bangladesh] Maasranga Tv Hd (Selected 1 link)
2026-10-10 03:57:54,809 [INFO] 🔴 DEAD: [India] Colors Cineplex Hd (All links failed)
2026-10-10 03:57:54,816 [INFO] 🟢 OK: [Матч!] Матч! Футбол 3 (Selected 1 link)
2026-10-10 03:57:54,953 [INFO] 🔴 DEAD: [India] Star Plus Hd (All links failed)
2026-10-10 03:57:55,056 [INFO] 🔴 DEAD: [Movies] Hbo Hits Hd (All links failed)
2026-10-10 03:57:55,088 [INFO] 🟢 OK: [Единоборства] Fightbox (Selected 1 link)
2026-10-10 03:57:55,183 [INFO] 🟢 OK: [Movies] Movie Bangla Hd (Selected 1 link)
2026-10-10 03:57:55,206 [INFO] 🟢 OK: [Матч!] Матч! Арена (Selected 1 link)
2026-10-10 03:57:55,208 [INFO] 🔴 DEAD: [India] Colors Hd (All links failed)
2026-10-10 03:57:55,218 [INFO] 🟢 OK: [Bangladesh] Rtv Hd (Selected 1 link)
2026-10-10 03:57:55,231 [INFO] 🔴 DEAD: [Music] Zoom Music (All links failed)
2026-10-10 03:57:55,236 [INFO] 🟢 OK: [Экстрим] Trace Sport Stars (Selected 1 link)
2026-10-10 03:57:55,271 [INFO] 🟢 OK: [Матч!] Матч! Футбол 1 (Selected 1 link)
2026-10-10 03:57:55,290 [INFO] 🟢 OK: [Спорт] Go3 Sport 1 (Selected 1 link)
2026-10-10 03:57:55,335 [INFO] 🟢 OK: [Movies] জলসা Movies Hd (Selected 1 link)
2026-10-10 03:57:55,413 [INFO] 🟢 OK: [India] Dd Bangla (Selected 1 link)
2026-10-10 03:57:55,418 [INFO] 🟢 OK: [VOD / Movies] Quran (Criticx Islamic) (Selected 1 link)
2026-10-10 03:57:55,612 [INFO] 🟢 OK: [Матч!] Матч! Игра (Selected 1 link)
2026-10-10 03:57:55,725 [INFO] 🟢 OK: [Спорт] Sport 5 (Selected 1 link)
2026-10-10 03:57:55,779 [INFO] 🔴 DEAD: [Music] 9Xm Hd (All links failed)
2026-10-10 03:57:55,783 [INFO] 🟢 OK: [Спорт] Sport 1 Baltic (Selected 1 link)
2026-10-10 03:57:55,835 [INFO] 🟢 OK: [Футбол] Setanta Sports+ (Selected 1 link)
2026-10-10 03:57:55,857 [INFO] 🟢 OK: [India] Matribhumi Tv (Selected 1 link)
2026-10-10 03:57:56,113 [INFO] 🟢 OK: [Kids] Gopal Bhar Bangla (Selected 1 link)
2026-10-10 03:57:56,140 [INFO] 🟢 OK: [Kids] Doremon (Selected 1 link)
2026-10-10 03:57:56,141 [INFO] 🟢 OK: [Kids] Batul The Great (Selected 1 link)
2026-10-10 03:57:56,145 [INFO] 🟢 OK: [Kids] Tom & Zerry (Selected 1 link)
2026-10-10 03:57:56,211 [INFO] 🟢 OK: [Kids] Motu Patlu (Selected 1 link)
2026-10-10 03:57:56,231 [INFO] 🟢 OK: [Kids] Kids Tv (Selected 1 link)
2026-10-10 03:57:56,328 [INFO] 🟢 OK: [Music] Baallee Music (Selected 1 link)
2026-10-10 03:57:56,392 [INFO] 🔴 DEAD: [Bangladesh] T Sports Hd (All links failed)
2026-10-10 03:57:56,504 [INFO] 🟢 OK: [Movies] Bangla Tv Hd (Selected 1 link)
2026-10-10 03:57:56,505 [INFO] 🟢 OK: [VOD / Movies] G Series Drama (Selected 1 link)
2026-10-10 03:57:56,551 [INFO] 🔴 DEAD: [Sports] Cricket Gold Hd (All links failed)
2026-10-10 03:57:56,649 [INFO] 🟢 OK: [India] Star Jalsha Hd (Selected 1 link)
2026-10-10 03:57:56,740 [INFO] 🟢 OK: [Sports] Bein Sports Xtra Hd (Selected 1 link)
2026-10-10 03:57:56,939 [INFO] 🟢 OK: [Discover] Travelxp Hd (Selected 1 link)
2026-10-10 03:57:57,201 [INFO] 🟢 OK: [Спорт] Fox Sports 2 (Selected 1 link)
2026-10-10 03:57:57,471 [INFO] 🟢 OK: [Bangladesh] Ntv Hd (Selected 1 link)
2026-10-10 03:57:57,472 [INFO] 🟢 OK: [Bangladesh] Banglavision Hd (Selected 1 link)
2026-10-10 03:57:57,483 [INFO] 🟢 OK: [Bangladesh] Atn Bangla (Selected 1 link)
2026-10-10 03:57:57,594 [INFO] 🟢 OK: [India] Rajdhani Tv Hd (Selected 1 link)
2026-10-10 03:57:57,778 [INFO] 🟢 OK: [News] News 24 Hd (Selected 1 link)
2026-10-10 03:57:57,780 [INFO] 🟢 OK: [Sports] Sports 1 (Selected 1 link)
2026-10-10 03:57:57,787 [INFO] 🟢 OK: [Sports] Willow Sports (Selected 1 link)
2026-10-10 03:57:57,849 [INFO] 🟢 OK: [India] Zee Tv (Selected 1 link)
2026-10-10 03:57:57,873 [INFO] 🟢 OK: [Sports] Fox Sports 1 (Selected 1 link)
2026-10-10 03:57:57,886 [INFO] 🟢 OK: [Bangladesh] Somoy News Hd (Selected 1 link)
2026-10-10 03:57:58,018 [INFO] 🔴 DEAD: [Discover] Bbc Earth Hd (All links failed)
2026-10-10 03:57:58,155 [INFO] 🟢 OK: [India] Enter Tv (Selected 1 link)
2026-10-10 03:57:58,198 [INFO] 🔴 DEAD: [Discover] History (All links failed)
2026-10-10 03:57:58,253 [INFO] 🟢 OK: [Bangladesh] Dbc News Hd (Selected 1 link)
2026-10-10 03:57:58,279 [INFO] 🟢 OK: [Bangladesh] Boishakhi Tv (Selected 1 link)
2026-10-10 03:57:58,322 [INFO] 🟢 OK: [Bangladesh] Dipto Tv Hd (Selected 1 link)
2026-10-10 03:57:58,349 [INFO] 🟢 OK: [VOD / Movies] Animal Plant Hd (Selected 1 link)
2026-10-10 03:57:58,425 [INFO] 🟢 OK: [Movies] Shemaroo Bollywood Hd (Selected 1 link)
2026-10-10 03:57:58,440 [INFO] 🟢 OK: [Music] Sangeet Bangla (Selected 1 link)
2026-10-10 03:57:58,444 [INFO] 🟢 OK: [Bangladesh] Ekattor Tv Hd (Selected 1 link)
2026-10-10 03:57:58,473 [INFO] 🟢 OK: [India] Global Tv Hd (Selected 1 link)
2026-10-10 03:57:58,882 [INFO] 🟢 OK: [Discover] Discovery Hd 2 (Selected 1 link)
2026-10-10 03:57:59,041 [INFO] 🟢 OK: [Kids] Nick Jr (Selected 1 link)
2026-10-10 03:57:59,126 [INFO] 🟢 OK: [India] Star Sports 2 Hd (Selected 1 link)
2026-10-10 03:57:59,285 [INFO] 🟢 OK: [India] Madani Channel Bangla (Selected 1 link)
2026-10-10 03:57:59,309 [INFO] 🟢 OK: [Others] Discovery Hd (Selected 1 link)
2026-10-10 03:57:59,449 [INFO] 🟢 OK: [News] Cnn News (Selected 1 link)
2026-10-10 03:57:59,529 [INFO] 🟢 OK: [India] Sony Aat (Selected 1 link)
2026-10-10 03:57:59,756 [INFO] 🟢 OK: [India] Bijoy Tv Hd (Selected 1 link)
2026-10-10 03:57:59,935 [INFO] 🟢 OK: [Movies] Zb Cinema (Selected 1 link)
2026-10-10 03:57:59,944 [INFO] 🟢 OK: [VOD / Movies] 8Xm Hd (Selected 1 link)
2026-10-10 03:58:00,314 [INFO] 🟢 OK: [Kids] Cartoon Network (Selected 1 link)
2026-10-10 03:58:00,329 [INFO] 🟢 OK: [India] Sheemaroo Tv (Selected 1 link)
2026-10-10 03:58:00,619 [INFO] 🟢 OK: [Movies] Goldmines Bollywood (Selected 1 link)
2026-10-10 03:58:00,645 [INFO] 🟢 OK: [Sports] Dd Sports (Selected 1 link)
2026-10-10 03:58:00,720 [INFO] 🟢 OK: [Movies] Goldmines Hindi (Selected 1 link)
2026-10-10 03:58:00,956 [INFO] 🟢 OK: [Movies] Gold Mines Movies (Selected 1 link)
2026-10-10 03:58:01,081 [INFO] 🟢 OK: [Movies] Hollywood Action Movies (Selected 1 link)
2026-10-10 03:58:01,859 [INFO] 🟢 OK: [General] National Geographic Hd (Selected 1 link)
2026-10-10 03:58:02,109 [INFO] 🔴 DEAD: [Спорт] Астрахань.Ru Sport (All links failed)
2026-10-10 03:58:02,151 [INFO] 🟢 OK: [Movies] B4U Kadak (Selected 1 link)
2026-10-10 03:58:02,179 [INFO] 🔴 DEAD: [Movies] Z Bangla Sonar Hd (All links failed)
2026-10-10 03:58:03,495 [INFO] 🟢 OK: [VOD / Movies] Shob Charitro Kalponik Noy (Selected 1 link)
2026-10-10 03:58:03,566 [INFO] 🟢 OK: [VOD / Movies] Thik Thikana (Selected 1 link)
2026-10-10 03:58:03,569 [INFO] 🟢 OK: [VOD / Movies] Sob Premer Golpo Ek Noy (Selected 1 link)
2026-10-10 03:58:03,622 [INFO] 🟢 OK: [VOD / Movies] Sohorer Kokkhopothe (Selected 1 link)
2026-10-10 03:58:03,867 [INFO] 🟢 OK: [VOD / Movies] Digital Hablu (Selected 1 link)
2026-10-10 03:58:03,879 [INFO] 🟢 OK: [VOD / Movies] Chawa Pawa (Selected 1 link)
2026-10-10 03:58:03,897 [INFO] 🟢 OK: [VOD / Movies] Double Pressure (Selected 1 link)
2026-10-10 03:58:04,017 [INFO] 🟢 OK: [VOD / Movies] Poroma Sundori (Selected 1 link)
2026-10-10 03:58:04,305 [INFO] 🟢 OK: [VOD / Movies] Kakkur Tiktokar Bou (Selected 1 link)
2026-10-10 03:58:04,406 [INFO] 🟢 OK: [VOD / Movies] Amader Pasher Barita (Selected 1 link)
2026-10-10 03:58:04,431 [INFO] 🟢 OK: [VOD / Movies] Megh Na Chaitei Bristi (Selected 1 link)
2026-10-10 03:58:04,437 [INFO] 🟢 OK: [VOD / Movies] Je Poth Bhule Gecho Tumi (Selected 1 link)
2026-10-10 03:58:04,447 [INFO] 🟢 OK: [VOD / Movies] Iti Rudra (Selected 1 link)
2026-10-10 03:58:04,516 [INFO] 🟢 OK: [VOD / Movies] Barir Choto Chele (Selected 1 link)
2026-10-10 03:58:04,518 [INFO] 🟢 OK: [VOD / Movies] Vul Naki Prem (Selected 1 link)
2026-10-10 03:58:04,524 [INFO] 🟢 OK: [VOD / Movies] Punorabritti (Selected 1 link)
2026-10-10 03:58:04,534 [INFO] 🟢 OK: [VOD / Movies] Bibek Mojid (Selected 1 link)
2026-10-10 03:58:04,546 [INFO] 🟢 OK: [VOD / Movies] Half Bottle (Selected 1 link)
2026-10-10 03:58:04,559 [INFO] 🟢 OK: [VOD / Movies] Tomaroi Thakbo (Selected 1 link)
2026-10-10 03:58:04,631 [INFO] 🟢 OK: [VOD / Movies] Dakpion (Selected 1 link)
2026-10-10 03:58:04,633 [INFO] 🟢 OK: [VOD / Movies] Kuhu Kotha (Selected 1 link)
2026-10-10 03:58:04,637 [INFO] 🟢 OK: [VOD / Movies] Kabjab (Selected 1 link)
2026-10-10 03:58:04,729 [INFO] 🟢 OK: [VOD / Movies] Songshar Amar Valo Lage Na (Selected 1 link)
2026-10-10 03:58:04,848 [INFO] 🟢 OK: [VOD / Movies] Opochonder Saat Din (Selected 1 link)
2026-10-10 03:58:04,885 [INFO] 🟢 OK: [VOD / Movies] Rong Penci (Selected 1 link)
2026-10-10 03:58:04,940 [INFO] 🟢 OK: [VOD / Movies] Mugdho Bekoron (Selected 1 link)
2026-10-10 03:58:04,965 [INFO] 🟢 OK: [VOD / Movies] Putuler Shongshar (Selected 1 link)
2026-10-10 03:58:05,085 [INFO] 🟢 OK: [VOD / Movies] Paparazzi (Selected 1 link)
2026-10-10 03:58:05,095 [INFO] 🟢 OK: [Discover] Love Nature (Selected 1 link)
2026-10-10 03:58:05,155 [INFO] 🟢 OK: [VOD / Movies] Sweet Crush (Selected 1 link)
2026-10-10 03:58:05,283 [INFO] 🟢 OK: [VOD / Movies] Phinix Pakhir Gaan (Selected 1 link)
2026-10-10 03:58:05,491 [INFO] 🔴 DEAD: [India] Bein Sports 1 (All links failed)
2026-10-10 03:58:05,591 [INFO] 🟢 OK: [VOD / Movies] Tomar Chokhe Cheye (Selected 1 link)
2026-10-10 03:58:05,647 [INFO] 🟢 OK: [VOD / Movies] Ajmol Khaner Double Bou (Selected 1 link)
2026-10-10 03:58:05,675 [INFO] 🟢 OK: [VOD / Movies] Unmanush (Selected 1 link)
2026-10-10 03:58:05,747 [INFO] 🔴 DEAD: [Sports] Bleav Football (All links failed)
2026-10-10 03:58:05,758 [INFO] 🔴 DEAD: [Bangladesh] Bt Sports 2 (All links failed)
2026-10-10 03:58:05,786 [INFO] 🟢 OK: [VOD / Movies] Ekti Shukhobor (Selected 1 link)
2026-10-10 03:58:06,028 [INFO] 🔴 DEAD: [Sports] Tnt Sport 1 (All links failed)
2026-10-10 03:58:06,342 [INFO] 🟢 OK: [VOD / Movies] Hasu Chor Kasu Chor (Selected 1 link)
2026-10-10 03:58:06,350 [INFO] 🟢 OK: [VOD / Movies] Mayasri (Selected 1 link)
2026-10-10 03:58:06,788 [INFO] 🟢 OK: [VOD / Movies] Joto Dosh Nondo Ghosh (Selected 1 link)
2026-10-10 03:58:06,798 [INFO] 🟢 OK: [VOD / Movies] Laughing Gas (Selected 1 link)
2026-10-10 03:58:06,815 [INFO] 🔴 DEAD: [News] Al Jazeera Hd (All links failed)
2026-10-10 03:58:06,943 [INFO] 🔴 DEAD: [Sports] Unite8 Sports 2 (All links failed)
2026-10-10 03:58:07,015 [INFO] 🟢 OK: [VOD / Movies] Mounobroto (Selected 1 link)
2026-10-10 03:58:07,203 [INFO] 🟢 OK: [VOD / Movies] Chokro (Selected 1 link)
2026-10-10 03:58:07,455 [INFO] 🟢 OK: [VOD / Movies] Josnar Shopno (Selected 1 link)
2026-10-10 03:58:07,461 [INFO] 🟢 OK: [VOD / Movies] No More Friends (Selected 1 link)
2026-10-10 03:58:07,470 [INFO] 🔴 DEAD: [Bangladesh] Independent Tv (All links failed)
2026-10-10 03:58:07,683 [INFO] 🟢 OK: [VOD / Movies] Day Out (Selected 1 link)
2026-10-10 03:58:08,053 [INFO] 🟢 OK: [VOD / Movies] Vul Manush (Selected 1 link)
2026-10-10 03:58:08,963 [INFO] 🟢 OK: [VOD / Movies] Couple Crisis (Selected 1 link)
2026-10-10 03:58:09,032 [INFO] 🟢 OK: [Bangladesh] Desh Tv (Selected 1 link)
2026-10-10 03:58:09,084 [INFO] 🔴 DEAD: [India] Colors Bangla Hd (All links failed)
2026-10-10 03:58:09,125 [INFO] 🟢 OK: [VOD / Movies] Barishailla Graduate (Selected 1 link)
2026-10-10 03:58:09,130 [INFO] 🟢 OK: [VOD / Movies] View (Selected 1 link)
2026-10-10 03:58:09,205 [INFO] 🟢 OK: [VOD / Movies] Niyoti (Selected 1 link)
2026-10-10 03:58:09,364 [INFO] 🟢 OK: [VOD / Movies] Amar Kotha Ekbaro Vable Na (Selected 1 link)
2026-10-10 03:58:09,370 [INFO] 🟢 OK: [VOD / Movies] Bad Patient (Selected 1 link)
2026-10-10 03:58:09,376 [INFO] 🟢 OK: [VOD / Movies] Golper Ekmatro Agantuk (Selected 1 link)
2026-10-10 03:58:09,643 [INFO] 🔴 DEAD: [News] Dubai Tv (All links failed)
2026-10-10 03:58:09,909 [INFO] 🟢 OK: [Bangladesh] Channel I (Selected 1 link)
2026-10-10 03:58:10,004 [INFO] 🟢 OK: [Channels] Ekhon Tv (Selected 1 link)
2026-10-10 03:58:10,057 [INFO] 🟢 OK: [India] Tsn 1 (Selected 1 link)
2026-10-10 03:58:10,068 [INFO] 🟢 OK: [Sports] Tsn 2 (Selected 1 link)
2026-10-10 03:58:10,135 [INFO] 🟢 OK: [India] Ptv Sports (Selected 1 link)
2026-10-10 03:58:10,145 [INFO] 🔴 DEAD: [India] Star News (All links failed)
2026-10-10 03:58:10,164 [INFO] 🟢 OK: [Bangladesh] Ntv (Selected 1 link)
2026-10-10 03:58:10,287 [INFO] 🟢 OK: [Sports] Willow Tv (Selected 1 link)
2026-10-10 03:58:10,343 [INFO] 🟢 OK: [Bangladesh] Rtv (Selected 1 link)
2026-10-10 03:58:10,363 [INFO] 🟢 OK: [Bangladesh] Dbc News (Selected 1 link)
2026-10-10 03:58:10,394 [INFO] 🟢 OK: [India] Bangla Vision (Selected 1 link)
2026-10-10 03:58:10,417 [INFO] 🟢 OK: [Sports] Nfl Network (Selected 1 link)
2026-10-10 03:58:10,478 [INFO] 🟢 OK: [India] Zee Cinema Hd (Selected 1 link)
2026-10-10 03:58:10,578 [INFO] 🟢 OK: [Channels] Etv (Selected 1 link)
2026-10-10 03:58:10,580 [INFO] 🟢 OK: [News] Abn (Selected 1 link)
2026-10-10 03:58:10,634 [INFO] 🟢 OK: [Bangladesh] Deepto Tv (Selected 1 link)
2026-10-10 03:58:10,684 [INFO] 🟢 OK: [Sports] Tsn 3 (Selected 1 link)
2026-10-10 03:58:10,697 [INFO] 🟢 OK: [News] Weather Spy (Selected 1 link)
2026-10-10 03:58:10,707 [INFO] 🟢 OK: [Bangladesh] Atn News (Selected 1 link)
2026-10-10 03:58:10,708 [INFO] 🟢 OK: [Bangladesh] Jamuna Tv (Selected 1 link)
2026-10-10 03:58:10,761 [INFO] 🟢 OK: [Bangladesh] Ekattor Tv (Selected 1 link)
2026-10-10 03:58:10,811 [INFO] 🟢 OK: [Sports] Espn (Selected 1 link)
2026-10-10 03:58:10,932 [INFO] 🟢 OK: [Bangladesh] Maasranga Tv (Selected 1 link)
2026-10-10 03:58:11,140 [INFO] 🟢 OK: [Sports] Golf Channel (Selected 1 link)
2026-10-10 03:58:11,164 [INFO] 🟢 OK: [Bangladesh] Channel 24 (Selected 1 link)
2026-10-10 03:58:11,287 [INFO] 🟢 OK: [Channels] News 24 Bd (Selected 1 link)
2026-10-10 03:58:11,294 [INFO] 🟢 OK: [Sports] A Sports (Selected 1 link)
2026-10-10 03:58:11,626 [INFO] 🟢 OK: [News] Fox Weather (Selected 1 link)
2026-10-10 03:58:11,665 [INFO] 🔴 DEAD: [General] Iqraa Tv (All links failed)
2026-10-10 03:58:11,717 [INFO] 🟢 OK: [Bangladesh] Asian Tv (Selected 1 link)
2026-10-10 03:58:11,820 [INFO] 🟢 OK: [Religious] Quran Tv (Selected 1 link)
2026-10-10 03:58:11,897 [INFO] 🟢 OK: [News] Bbc News (Selected 1 link)
2026-10-10 03:58:11,936 [INFO] 🟢 OK: [News] Iran Press (Selected 1 link)
2026-10-10 03:58:11,965 [INFO] 🟢 OK: [Bangladesh] Sa Tv (Selected 1 link)
2026-10-10 03:58:12,044 [INFO] 🟢 OK: [Bangladesh] Nexus Tv (Selected 1 link)
2026-10-10 03:58:12,048 [INFO] 🟢 OK: [News] Accu Weather (Selected 1 link)
2026-10-10 03:58:12,144 [INFO] 🟢 OK: [Bangladesh] Duronto Tv (Selected 1 link)
2026-10-10 03:58:12,240 [INFO] 🟢 OK: [Bangladesh] Bangla Tv (Selected 1 link)
2026-10-10 03:58:12,559 [INFO] 🟢 OK: [Bangladesh] Global Tv (Selected 1 link)
2026-10-10 03:58:12,596 [INFO] 🟢 OK: [General] Iqra Bangla (Selected 1 link)
2026-10-10 03:58:12,645 [INFO] 🟢 OK: [Bangladesh] Bijoy Tv (Selected 1 link)
2026-10-10 03:58:12,694 [INFO] 🟢 OK: [Bangladesh] Mohona Tv (Selected 1 link)
2026-10-10 03:58:12,740 [INFO] 🟢 OK: [General] Enter 10 Bangla (Selected 1 link)
2026-10-10 03:58:12,834 [INFO] 🟢 OK: [Bangladesh] Btv Ctg (Selected 1 link)
2026-10-10 03:58:13,048 [INFO] 🟢 OK: [Sports] Cricket Gold (Selected 1 link)
2026-10-10 03:58:13,080 [INFO] 🟢 OK: [Bangladesh] My Tv (Selected 1 link)
2026-10-10 03:58:13,157 [INFO] 🟢 OK: [General] Ekushe Tv (Selected 1 link)
2026-10-10 03:58:13,322 [INFO] 🟢 OK: [Bangladesh] Independent (Selected 1 link)
2026-10-10 03:58:13,566 [INFO] 🟢 OK: [Religious] Islamic Tv (Selected 1 link)
2026-10-10 03:58:13,717 [INFO] 🟢 OK: [General] Makkah Live (Selected 1 link)
2026-10-10 03:58:13,776 [INFO] 🟢 OK: [General] Ekhon (Selected 1 link)
2026-10-10 03:58:14,189 [INFO] 🟢 OK: [News] Amc (Selected 1 link)
2026-10-10 03:58:14,292 [INFO] 🟢 OK: [Religious] Peace Tv Bangla (Selected 1 link)
2026-10-10 03:58:14,444 [INFO] 🟢 OK: [General] Medina Live (Selected 1 link)
2026-10-10 03:58:14,452 [INFO] 🟢 OK: [Bangladesh] Somoy Tv (Selected 1 link)
2026-10-10 03:58:14,922 [INFO] 🟢 OK: [General] Deshi Tv (Selected 1 link)
2026-10-10 03:58:14,987 [INFO] 🟢 OK: [India] Sun Bangla (Selected 1 link)
2026-10-10 03:58:15,016 [INFO] 🔴 DEAD: [India] Sony Max Hd (All links failed)
2026-10-10 03:58:15,018 [INFO] 🔴 DEAD: [General] & Picture (All links failed)
2026-10-10 03:58:15,028 [INFO] 🔴 DEAD: [India] Sony Max 2 (All links failed)
2026-10-10 03:58:15,037 [INFO] 🔴 DEAD: [India] Sony Sab Hd (All links failed)
2026-10-10 03:58:15,177 [INFO] 🟢 OK: [News] Sky News Weather (Selected 1 link)
2026-10-10 03:58:15,427 [INFO] 🔴 DEAD: [Sports] Unite8-Sports-2 (All links failed)
2026-10-10 03:58:15,448 [INFO] 🟢 OK: [General] Jhankar.Tv (Selected 1 link)
2026-10-10 03:58:15,500 [INFO] 🟢 OK: [Bangladesh] Banglavision (Selected 1 link)
2026-10-10 03:58:15,619 [INFO] 🟢 OK: [General] N Tv (Selected 1 link)
2026-10-10 03:58:15,722 [INFO] 🟢 OK: [Music] Al Quran Radio (Selected 1 link)
2026-10-10 03:58:15,755 [INFO] 🟢 OK: [Bangladesh] Boishakhi (Selected 1 link)
2026-10-10 03:58:15,772 [INFO] 🟢 OK: [Kids] Gopal Bhar Tv (Selected 1 link)
2026-10-10 03:58:15,785 [INFO] 🟢 OK: [Kids] Doraemon Tv (Selected 1 link)
2026-10-10 03:58:15,848 [INFO] 🟢 OK: [Kids] Tom & Jerry Tv (Selected 1 link)
2026-10-10 03:58:15,984 [INFO] 🟢 OK: [News] News 21 Bangla Tv (Selected 1 link)
2026-10-10 03:58:15,997 [INFO] 🟢 OK: [General] Ananda (Selected 1 link)
2026-10-10 03:58:16,065 [INFO] 🟢 OK: [Bangladesh] Jamuna (Selected 1 link)
2026-10-10 03:58:16,280 [INFO] 🟢 OK: [India] Sony Yay (Selected 1 link)
2026-10-10 03:58:16,320 [INFO] 🔴 DEAD: [Sports] Euro Sports (All links failed)
2026-10-10 03:58:16,390 [INFO] 🟢 OK: [General] Rajdhani (Selected 1 link)
2026-10-10 03:58:16,433 [INFO] 🔴 DEAD: [Bangladesh] Channel 9 (All links failed)
2026-10-10 03:58:16,494 [INFO] 🟢 OK: [Bangladesh] Ekattor Hd (Selected 1 link)
2026-10-10 03:58:16,742 [INFO] 🟢 OK: [News] News 24 (Selected 1 link)
2026-10-10 03:58:16,877 [INFO] 🟢 OK: [News] Wion (Selected 1 link)
2026-10-10 03:58:17,366 [INFO] 🟢 OK: [Movies] Movie Bangla (Selected 1 link)
2026-10-10 03:58:17,414 [INFO] 🟢 OK: [General] Srk (Selected 1 link)
2026-10-10 03:58:17,436 [INFO] 🟢 OK: [India] Sony Aath (Selected 1 link)
2026-10-10 03:58:17,590 [INFO] 🟢 OK: [Music] Quran Radiotv Smc (Selected 1 link)
2026-10-10 03:58:17,933 [INFO] 🔴 DEAD: [VOD / Movies] Jalsha Movies Hd (All links failed)
2026-10-10 03:58:17,957 [INFO] 🔴 DEAD: [Bangladesh] R Plus (All links failed)
2026-10-10 03:58:17,961 [INFO] 🟢 OK: [Kids] Mr Bean Animated (Selected 1 link)
2026-10-10 03:58:18,120 [INFO] 🟢 OK: [General] Pogo (Selected 1 link)
2026-10-10 03:58:18,333 [INFO] 🟢 OK: [General] & Tv (Selected 1 link)
2026-10-10 03:58:18,371 [INFO] 🟢 OK: [General] Hum Tv (Selected 1 link)
2026-10-10 03:58:18,392 [INFO] 🟢 OK: [News] Trt World (Selected 1 link)
2026-10-10 03:58:18,473 [INFO] 🟢 OK: [Bangladesh] Maasranga (Selected 1 link)
2026-10-10 03:58:18,483 [INFO] 🟢 OK: [Religious] Saudi Quran (Selected 1 link)
2026-10-10 03:58:18,615 [INFO] 🟢 OK: [India] Animal Planet (Selected 1 link)
2026-10-10 03:58:18,648 [INFO] 🟢 OK: [Religious] Al Ekhbaria (Selected 1 link)
2026-10-10 03:58:18,733 [INFO] 🟢 OK: [India] Aaj Tak Hd (Selected 1 link)
2026-10-10 03:58:18,799 [INFO] 🔴 DEAD: [India] Republic Bangla (All links failed)
2026-10-10 03:58:18,868 [INFO] 🟢 OK: [Bangladesh] Deepto (Selected 1 link)
2026-10-10 03:58:18,922 [INFO] 🟢 OK: [General] নাম নেই (Selected 1 link)
2026-10-10 03:58:19,103 [INFO] 🟢 OK: [General] Bengali Beats (Selected 1 link)
2026-10-10 03:58:19,551 [INFO] 🟢 OK: [India] Zee 24 Ghanta (Selected 1 link)
2026-10-10 03:58:20,009 [INFO] 🟢 OK: [Kids] Discovery Kids (Selected 1 link)
2026-10-10 03:58:20,419 [INFO] 🟢 OK: [News] Tv9 Bangla (Selected 1 link)
2026-10-10 03:58:20,810 [INFO] 🟢 OK: [VOD / Movies] Drama 24 (Selected 1 link)
2026-10-10 03:58:20,885 [INFO] 🟢 OK: [General] Tlc Hd (Selected 1 link)
2026-10-10 03:58:21,128 [INFO] 🟢 OK: [Religious] Madani Tv (Selected 1 link)
2026-10-10 03:58:21,133 [INFO] 🟢 OK: [News] Abc News (Selected 1 link)
2026-10-10 03:58:21,193 [INFO] 🔴 DEAD: [General] Sangeet Bhojpuri (All links failed)
2026-10-10 03:58:21,495 [INFO] 🟢 OK: [General] Hindi Hits Hd (Selected 1 link)
2026-10-10 03:58:21,732 [INFO] 🔴 DEAD: [General] Travel Xp Hd (All links failed)
2026-10-10 03:58:21,862 [INFO] 🟢 OK: [Sports] Bein Sports (Selected 1 link)
2026-10-10 03:58:21,899 [INFO] 🔴 DEAD: [Bangladesh] Btv (All links failed)
2026-10-10 03:58:21,994 [INFO] 🟢 OK: [News] Sky News (Selected 1 link)
2026-10-10 03:58:22,240 [INFO] 🟢 OK: [News] Dw News (Selected 1 link)
2026-10-10 03:58:22,313 [INFO] 🟢 OK: [Religious] Bahrain Quran (Selected 1 link)
2026-10-10 03:58:22,732 [INFO] 🟢 OK: [Sports] Talk Sport (Selected 1 link)
2026-10-10 03:58:22,978 [INFO] 🟢 OK: [Religious] Saudia Arabia (Selected 1 link)
2026-10-10 03:58:23,038 [INFO] 🟢 OK: [General] Disnep Hd (Selected 1 link)
2026-10-10 03:58:23,196 [INFO] 🟢 OK: [General] Mundial (Selected 1 link)
2026-10-10 03:58:23,623 [INFO] 🔴 DEAD: [India] Sony Television (All links failed)
2026-10-10 03:58:23,661 [INFO] 🟢 OK: [General] Me Tv (Selected 1 link)
2026-10-10 03:58:23,746 [INFO] 🔴 DEAD: [India] Star Sports 2 (All links failed)
2026-10-10 03:58:23,891 [INFO] 🔴 DEAD: [VOD / Movies] Grand Theft Auto Vi: An Extended Look (2026) (All links failed)
2026-10-10 03:58:23,934 [INFO] 🟢 OK: [General] Love Natural (Selected 1 link)
2026-10-10 03:58:24,076 [INFO] 🟢 OK: [Bangladesh] Rupshi Bangla (Selected 1 link)
2026-10-10 03:58:24,128 [INFO] 🔴 DEAD: [General] Channel 1 (All links failed)
2026-10-10 03:58:24,663 [INFO] 🟢 OK: [News] Aljazeera (Selected 1 link)
2026-10-10 03:58:25,057 [INFO] 🟢 OK: [Bangladesh] Ananda Tv [Backup 2] (Selected 1 link)
2026-10-10 03:58:25,153 [INFO] 🟢 OK: [Music] Epic Music (Selected 1 link)
2026-10-10 03:58:25,323 [INFO] 🟢 OK: [Music] Ptc Music (Selected 1 link)
2026-10-10 03:58:25,417 [INFO] 🟢 OK: [India] Star Sports Sl 1 (Selected 1 link)
2026-10-10 03:58:25,536 [INFO] 🟢 OK: [Religious] Peace Tv Urdu (Selected 1 link)
2026-10-10 03:58:25,707 [INFO] 🔴 DEAD: [Religious] Al Qamar (All links failed)
2026-10-10 03:58:25,863 [INFO] 🟢 OK: [India] Music India (Selected 1 link)
2026-10-10 03:58:25,963 [INFO] 🟢 OK: [Bangladesh] Atn Bangla Uk (Selected 1 link)
2026-10-10 03:58:26,083 [INFO] 🟢 OK: [General] Tnt 3 (Selected 1 link)
2026-10-10 03:58:26,319 [INFO] 🟢 OK: [Others] Zoom (Selected 1 link)
2026-10-10 03:58:26,347 [INFO] 🟢 OK: [News] R Plus News (Selected 1 link)
2026-10-10 03:58:26,409 [INFO] 🟢 OK: [General] Ptv (Selected 1 link)
2026-10-10 03:58:26,537 [INFO] 🟢 OK: [General] 9Xm (Selected 1 link)
2026-10-10 03:58:26,603 [INFO] 🟢 OK: [General] Discover Pakistan (Selected 1 link)
2026-10-10 03:58:26,669 [INFO] 🟢 OK: [Sports] Ktv Sport Plus (Selected 1 link)
2026-10-10 03:58:26,673 [INFO] 🔴 DEAD: [Bangladesh] Channel 24 [Backup 1] (All links failed)
2026-10-10 03:58:26,806 [INFO] 🟢 OK: [Bangladesh] Channel 52 (Selected 1 link)
2026-10-10 03:58:27,061 [INFO] 🟢 OK: [General] Tnt 2 (Selected 1 link)
2026-10-10 03:58:27,075 [INFO] 🔴 DEAD: [General] Rongeen (All links failed)
2026-10-10 03:58:27,247 [INFO] 🟢 OK: [Bangladesh] Atn Bangla [Backup 1] (Selected 1 link)
2026-10-10 03:58:27,294 [INFO] 🔴 DEAD: [News] Calcutta News (All links failed)
2026-10-10 03:58:27,327 [INFO] 🟢 OK: [Others] #Https://Akash.Sm-Monirul.Top/Channel_1.M3U8 (Selected 1 link)
2026-10-10 03:58:27,373 [INFO] 🟢 OK: [General] Sananda Tv (Selected 1 link)
2026-10-10 03:58:27,440 [INFO] 🟢 OK: [Bangladesh] Channel 16 (Selected 1 link)
2026-10-10 03:58:27,474 [INFO] 🟢 OK: [General] Program Promo (Selected 1 link)
2026-10-10 03:58:27,858 [INFO] 🟢 OK: [Bangladesh] Doyel Tv (Selected 1 link)
2026-10-10 03:58:27,863 [INFO] 🔴 DEAD: [Bangladesh] Ekattor Tv [Backup 1] (All links failed)
2026-10-10 03:58:28,089 [INFO] 🔴 DEAD: [General] Ruposhi Bangla (All links failed)
2026-10-10 03:58:28,090 [INFO] 🔴 DEAD: [India] Star Gold Hd (All links failed)
2026-10-10 03:58:28,093 [INFO] 🔴 DEAD: [General] Khusbo Bangla (All links failed)
2026-10-10 03:58:28,124 [INFO] 🟢 OK: [Bangladesh] Channel S Uk (Selected 1 link)
2026-10-10 03:58:28,126 [INFO] 🔴 DEAD: [Bangladesh] Ekhon Tv [Backup 2] (All links failed)
2026-10-10 03:58:28,338 [INFO] 🟢 OK: [Bangladesh] Desh Tv [Backup 2] (Selected 1 link)
2026-10-10 03:58:28,363 [INFO] 🟢 OK: [Bangladesh] Dtv Usa (Selected 1 link)
2026-10-10 03:58:28,667 [INFO] 🟢 OK: [Bangladesh] Gazi Tv (Selected 1 link)
2026-10-10 03:58:28,781 [INFO] 🟢 OK: [Bangladesh] Channel Europe (Selected 1 link)
2026-10-10 03:58:28,846 [INFO] 🟢 OK: [Bangladesh] Ekushey Tv [Backup 1] (Selected 1 link)
2026-10-10 03:58:28,862 [INFO] 🟢 OK: [India] Ndtv Hindi (Selected 1 link)
2026-10-10 03:58:29,012 [INFO] 🔴 DEAD: [Bangladesh] News Time Bangla (All links failed)
2026-10-10 03:58:29,075 [INFO] 🔴 DEAD: [Movies] B4U Movie (All links failed)
2026-10-10 03:58:29,076 [INFO] 🔴 DEAD: [General] Shemarooenterta (All links failed)
2026-10-10 03:58:29,093 [INFO] 🔴 DEAD: [Bangladesh] Maasranga Tv [Backup 2] (All links failed)
2026-10-10 03:58:29,212 [INFO] 🔴 DEAD: [Bangladesh] Mohona Tv [Backup 2] (All links failed)
2026-10-10 03:58:29,652 [INFO] 🟢 OK: [Bangladesh] Jago News 24 (Selected 1 link)
2026-10-10 03:58:29,671 [INFO] 🟢 OK: [General] Tnt 1 (Selected 1 link)
2026-10-10 03:58:29,690 [INFO] 🟢 OK: [Bangladesh] Global Tv [Backup 1] (Selected 1 link)
2026-10-10 03:58:29,712 [INFO] 🔴 DEAD: [Bangladesh] Jonmobhumi Tv (All links failed)
2026-10-10 03:58:29,811 [INFO] 🟢 OK: [Bangladesh] Ananda Tv [Backup 1] (Selected 1 link)
2026-10-10 03:58:30,044 [INFO] 🟢 OK: [Bangladesh] Probashi Tv (Selected 1 link)
2026-10-10 03:58:30,121 [INFO] 🟢 OK: [Bangladesh] Atn Bangla [Backup 2] (Selected 1 link)
2026-10-10 03:58:30,204 [INFO] 🟢 OK: [Bangladesh] My Tv [Backup 2] (Selected 1 link)
2026-10-10 03:58:30,235 [INFO] 🔴 DEAD: [News] India Today (All links failed)
2026-10-10 03:58:30,275 [INFO] 🔴 DEAD: [Bangladesh] Rtv [Backup 2] (All links failed)
2026-10-10 03:58:30,345 [INFO] 🟢 OK: [Bangladesh] Banglavision [Backup 1] (Selected 1 link)
2026-10-10 03:58:30,357 [INFO] 🟢 OK: [Bangladesh] Movie Bangla [Backup 1] (Selected 1 link)
2026-10-10 03:58:30,416 [INFO] 🔴 DEAD: [Bangladesh] Nrb Hd (All links failed)
2026-10-10 03:58:30,717 [INFO] 🟢 OK: [Bangladesh] Tbn24 (Selected 1 link)
2026-10-10 03:58:30,926 [INFO] 🟢 OK: [Bangladesh] Us-Bd Journal 24 Tv (Selected 1 link)
2026-10-10 03:58:30,941 [INFO] 🟢 OK: [Bangladesh] Ntv Europe (Selected 1 link)
2026-10-10 03:58:31,006 [INFO] 🔴 DEAD: [General] Green Tv (All links failed)
2026-10-10 03:58:31,324 [INFO] 🟢 OK: [Bangladesh] Boishakhi Tv [Backup 1] (Selected 1 link)
2026-10-10 03:58:31,420 [INFO] 🟢 OK: [General] Tnt 4 (Selected 1 link)
2026-10-10 03:58:31,535 [INFO] 🟢 OK: [Bangladesh] Btv Chattogram (Selected 1 link)
2026-10-10 03:58:31,634 [INFO] 🟢 OK: [Bangladesh] Bijoy Tv [Backup 2] (Selected 1 link)
2026-10-10 03:58:31,689 [INFO] 🟢 OK: [Bangladesh] #Https://App24.Jagobd.Com.Bd/C3Vydmvyx8Rpbeu9Mi8Xny8Ymfdeehgcfrgzq6Ntagdeoaefzbf92Ywxizto0U0Ezn1Izmyfvcedsefedekinkvn3Ptomdfsewrtaw51Aiphnpti2/Ekusheytv-8-Org.Stream/Tracks-V1A1/Mono.M3U8 (Selected 1 link)
2026-10-10 03:58:31,795 [INFO] 🟢 OK: [Bangladesh] Bijoy Tv [Backup 1] (Selected 1 link)
2026-10-10 03:58:31,821 [INFO] 🟢 OK: [Others] #Extvlcopt:Http-User-Agent=Oxoo/1.3.9.D (Linux;Android 7.1.2) Exoplayerlib/2.14.1 (Selected 1 link)
2026-10-10 03:58:31,958 [INFO] 🟢 OK: [Bangladesh] Time Televis (Selected 1 link)
2026-10-10 03:58:32,087 [INFO] 🔴 DEAD: [India] Zee Bangla Cinema (All links failed)
2026-10-10 03:58:32,411 [INFO] 🟢 OK: [Bangladesh] Channel 52 [Backup 1] (Selected 1 link)
2026-10-10 03:58:32,438 [INFO] 🟢 OK: [India] Colors Bangla (Selected 1 link)
2026-10-10 03:58:32,448 [INFO] 🟢 OK: [Bangladesh] Amar Bangla (Selected 1 link)
2026-10-10 03:58:32,964 [INFO] 🟢 OK: [India] Colors Bangla [Backup 3] (Selected 1 link)
2026-10-10 03:58:32,995 [INFO] 🟢 OK: [Bangladesh] Amar Bangla Digital [Backup 1] (Selected 1 link)
2026-10-10 03:58:33,044 [INFO] 🟢 OK: [Bangladesh] Ekushey Tv [Backup 2] (Selected 1 link)
2026-10-10 03:58:33,062 [INFO] 🟢 OK: [Bangladesh] Ekattor Tv [Backup 2] (Selected 1 link)
2026-10-10 03:58:33,120 [INFO] 🔴 DEAD: [Movies] Gold Mines Movie (All links failed)
2026-10-10 03:58:33,131 [INFO] 🔴 DEAD: [General] Gold Mines (All links failed)
2026-10-10 03:58:33,135 [INFO] 🔴 DEAD: [General] Gold Mines Bollywood (All links failed)
2026-10-10 03:58:33,138 [INFO] 🔴 DEAD: [Movies] Bhojopuri Cinema (All links failed)
2026-10-10 03:58:33,262 [INFO] 🟢 OK: [Bangladesh] Ekushey Tv [Backup 3] (Selected 1 link)
2026-10-10 03:58:33,279 [INFO] 🔴 DEAD: [Bangladesh] Dhoom Music Bangla (All links failed)
2026-10-10 03:58:33,316 [INFO] 🟢 OK: [Bangladesh] Aakaash Aath [Backup 1] (Selected 1 link)
2026-10-10 03:58:33,331 [INFO] 🟢 OK: [Bangladesh] Ekushey Tv [Backup 4] (Selected 1 link)
2026-10-10 03:58:33,332 [INFO] 🟢 OK: [Bangladesh] Enterr10 Bangla [Backup 1] (Selected 1 link)
2026-10-10 03:58:33,361 [INFO] 🟢 OK: [Bangladesh] Dd Bangla [Backup 1] (Selected 1 link)
2026-10-10 03:58:33,494 [INFO] 🔴 DEAD: [Bangladesh] R Plus Gold (All links failed)
2026-10-10 03:58:33,654 [INFO] 🟢 OK: [Bangladesh] Ekhon Tv [Backup 1] (Selected 1 link)
2026-10-10 03:58:33,819 [INFO] 🟢 OK: [Bangladesh] Jamuna Tv [Backup 1] (Selected 1 link)
2026-10-10 03:58:33,866 [INFO] 🟢 OK: [India] Star Jalsha (Selected 1 link)
2026-10-10 03:58:34,242 [INFO] 🟢 OK: [Bangladesh] Rupshi Bangla [Backup 1] (Selected 1 link)
2026-10-10 03:58:34,290 [INFO] 🟢 OK: [India] Star Jalsha [Backup 5] (Selected 1 link)
2026-10-10 03:58:34,338 [INFO] 🟢 OK: [India] Zee Bangla (Selected 1 link)
2026-10-10 03:58:34,551 [INFO] 🟢 OK: [Bangladesh] Movie Bangla [Backup 2] (Selected 1 link)
2026-10-10 03:58:34,819 [INFO] 🟢 OK: [Bangladesh] Sananda Tv [Backup 1] (Selected 1 link)
2026-10-10 03:58:34,848 [INFO] 🟢 OK: [Bangladesh] Mohona Tv [Backup 1] (Selected 1 link)
2026-10-10 03:58:34,890 [INFO] 🔴 DEAD: [General] 9X Jalwa (All links failed)
2026-10-10 03:58:34,941 [INFO] 🟢 OK: [Bangladesh] My Tv [Backup 1] (Selected 1 link)
2026-10-10 03:58:34,958 [INFO] 🟢 OK: [Bangladesh] Amar Bangla [Backup 1] (Selected 1 link)
2026-10-10 03:58:35,065 [INFO] 🟢 OK: [India] Colors Bangla [Backup 2] (Selected 1 link)
2026-10-10 03:58:35,066 [INFO] 🟢 OK: [Bangladesh] Amar Bangla Digital (Selected 1 link)
2026-10-10 03:58:35,241 [INFO] 🟢 OK: [Bangladesh] Somoy Tv [Backup 1] (Selected 1 link)
2026-10-10 03:58:35,278 [INFO] 🟢 OK: [Bangladesh] Rtv [Backup 1] (Selected 1 link)
2026-10-10 03:58:35,283 [INFO] 🔴 DEAD: [Bangladesh] Btv National Hd (All links failed)
2026-10-10 03:58:35,326 [INFO] 🔴 DEAD: [India] & Pictures (All links failed)
2026-10-10 03:58:35,343 [INFO] 🟢 OK: [Bangladesh] Alankar Tv (Selected 1 link)
2026-10-10 03:58:35,421 [INFO] 🟢 OK: [Bangladesh] Nagorik Tv [Backup 1] (Selected 1 link)
2026-10-10 03:58:35,467 [INFO] 🔴 DEAD: [India] Sony Aath [Backup 3] (All links failed)
2026-10-10 03:58:35,487 [INFO] 🔴 DEAD: [India] Etv Cinema (All links failed)
2026-10-10 03:58:35,564 [INFO] 🟢 OK: [Bangladesh] Sananda Tv [Backup 3] (Selected 1 link)
2026-10-10 03:58:35,614 [INFO] 🟢 OK: [Bangladesh] Btv National (Selected 1 link)
2026-10-10 03:58:35,693 [INFO] 🟢 OK: [India] Colors Cineplex [Uk] (Selected 1 link)
2026-10-10 03:58:35,707 [INFO] 🔴 DEAD: [India] Colors Cineplex Bollywood [Backup 1] (All links failed)
2026-10-10 03:58:35,765 [INFO] 🟢 OK: [Bangladesh] Btv News (Selected 1 link)
2026-10-10 03:58:35,789 [INFO] 🟢 OK: [Bangladesh] Desh Tv [Backup 1] (Selected 1 link)
2026-10-10 03:58:35,836 [INFO] 🟢 OK: [Bangladesh] Somoy Tv [Backup 2] (Selected 1 link)
2026-10-10 03:58:35,949 [INFO] 🟢 OK: [Bangladesh] Bangla Plus (Selected 1 link)
2026-10-10 03:58:35,957 [INFO] 🟢 OK: [Bangladesh] Rajdhani Tv (Selected 1 link)
2026-10-10 03:58:35,988 [INFO] 🟢 OK: [Music] B4U Music (Selected 1 link)
2026-10-10 03:58:36,107 [INFO] 🟢 OK: [Bangladesh] Snb Cinema (Selected 1 link)
2026-10-10 03:58:36,239 [INFO] 🟢 OK: [India] B4U Movies (Selected 1 link)
2026-10-10 03:58:36,265 [INFO] 🟢 OK: [India] Hindi Movies (Selected 1 link)
2026-10-10 03:58:36,359 [INFO] 🔴 DEAD: [Bangladesh] Channel 24 [Backup 2] (All links failed)
2026-10-10 03:58:36,401 [INFO] 🔴 DEAD: [India] Pitaara Tv [Backup 1] (All links failed)
2026-10-10 03:58:36,427 [INFO] 🟢 OK: [Bangladesh] Dd Tripura (480P) (Selected 1 link)
2026-10-10 03:58:36,490 [INFO] 🟢 OK: [Bangladesh] Sananda Tv [Backup 2] (Selected 1 link)
2026-10-10 03:58:36,526 [INFO] 🟢 OK: [Bangladesh] Aakaash Aath (Selected 1 link)
2026-10-10 03:58:36,608 [INFO] 🟢 OK: [Bangladesh] Maasranga Tv [Backup 1] (Selected 1 link)
2026-10-10 03:58:36,679 [INFO] 🔴 DEAD: [India] Nh Bollyflix (All links failed)
2026-10-10 03:58:36,714 [INFO] 🟢 OK: [Bangladesh] Mon Bangla (Selected 1 link)
2026-10-10 03:58:37,037 [INFO] 🟢 OK: [VOD / Movies] Sony Max 2 [Us] (Selected 1 link)
2026-10-10 03:58:37,106 [INFO] 🟢 OK: [India] South Movies (Selected 1 link)
2026-10-10 03:58:37,154 [INFO] 🔴 DEAD: [India] Star Gold (All links failed)
2026-10-10 03:58:37,168 [INFO] 🔴 DEAD: [India] Star Gold 2 (All links failed)
2026-10-10 03:58:37,202 [INFO] 🟢 OK: [India] Star Jalsha [Backup 2] (Selected 1 link)
2026-10-10 03:58:37,246 [INFO] 🔴 DEAD: [India] The Movie Club (All links failed)
2026-10-10 03:58:37,402 [INFO] 🟢 OK: [Bangladesh] Enterr10 Bangla (Selected 1 link)
2026-10-10 03:58:37,467 [INFO] 🔴 DEAD: [India] Star Gold Select (All links failed)
2026-10-10 03:58:37,775 [INFO] 🔴 DEAD: [VOD / Movies] Zee Action [Backup 1] (All links failed)
2026-10-10 03:58:37,920 [INFO] 🔴 DEAD: [India] The Movie Club [Backup 1] (All links failed)
2026-10-10 03:58:38,015 [INFO] 🔴 DEAD: [Bangladesh] Btv World (All links failed)
2026-10-10 03:58:38,092 [INFO] 🔴 DEAD: [India] Star Gold Selected (All links failed)
2026-10-10 03:58:38,126 [INFO] 🟢 OK: [India] Zee Bangla [Backup 2] (Selected 1 link)
2026-10-10 03:58:38,133 [INFO] 🔴 DEAD: [Bangladesh] Independent Tv [Backup 2] (All links failed)
2026-10-10 03:58:38,164 [INFO] 🔴 DEAD: [India] South Station (All links failed)
2026-10-10 03:58:38,562 [INFO] 🟢 OK: [India] Zee Bangla Cinema [Backup 2] (Selected 1 link)
2026-10-10 03:58:38,577 [INFO] 🔴 DEAD: [India] Colors Cineplex (All links failed)
2026-10-10 03:58:38,705 [INFO] 🟢 OK: [Bangladesh] Thikana (Selected 1 link)
2026-10-10 03:58:38,786 [INFO] 🟢 OK: [India] Zee Cinema [Backup 1] (Selected 1 link)
2026-10-10 03:58:38,817 [INFO] 🟢 OK: [Bangladesh] Khushboo Bangla (Selected 1 link)
2026-10-10 03:58:39,035 [INFO] 🟢 OK: [India] Jalsha Movies [Backup 1] (Selected 1 link)
2026-10-10 03:58:39,155 [INFO] 🔴 DEAD: [India] Star Jalsha [Backup 4] (All links failed)
2026-10-10 03:58:39,181 [INFO] 🟢 OK: [India] 7S Music (Selected 1 link)
2026-10-10 03:58:39,197 [INFO] 🔴 DEAD: [India] Jalsha Movies (All links failed)
2026-10-10 03:58:39,403 [INFO] 🟢 OK: [India] Shemaroo Bollywood (Selected 1 link)
2026-10-10 03:58:39,484 [INFO] 🟢 OK: [India] Zee Bangla Sonar (Selected 1 link)
2026-10-10 03:58:39,672 [INFO] 🔴 DEAD: [India] 9Xm [Backup 2] (All links failed)
2026-10-10 03:58:39,779 [INFO] 🟢 OK: [India] 9Xm [Backup 1] (Selected 1 link)
2026-10-10 03:58:39,905 [INFO] 🟢 OK: [Bangladesh] Bhi Channel (Selected 1 link)
2026-10-10 03:58:40,029 [INFO] 🟢 OK: [India] Deewana Hd (Selected 1 link)
2026-10-10 03:58:40,030 [INFO] 🟢 OK: [India] Shemaroo Josh (Selected 1 link)
2026-10-10 03:58:40,082 [INFO] 🔴 DEAD: [Music] Yrf Music (All links failed)
2026-10-10 03:58:40,342 [INFO] 🟢 OK: [India] B4U Kadak [Backup 1] (Selected 1 link)
2026-10-10 03:58:40,427 [INFO] 🔴 DEAD: [India] Epic Music [Backup 1] (All links failed)
2026-10-10 03:58:40,606 [INFO] 🟢 OK: [India] Goldmines Bollywood [Backup 1] (Selected 1 link)
2026-10-10 03:58:40,742 [INFO] 🟢 OK: [VOD / Movies] Bollywood Old (Selected 1 link)
2026-10-10 03:58:40,821 [INFO] 🟢 OK: [India] Goldmines (Selected 1 link)
2026-10-10 03:58:40,909 [INFO] 🟢 OK: [India] Zee Cinema [Backup 2] (Selected 1 link)
2026-10-10 03:58:41,042 [INFO] 🟢 OK: [India] Music Mastii (Selected 1 link)
2026-10-10 03:58:41,314 [INFO] 🔴 DEAD: [India] Nh Bollyraga (All links failed)
2026-10-10 03:58:41,340 [INFO] 🟢 OK: [India] B4U Movies [Backup 2] (Selected 1 link)
2026-10-10 03:58:41,358 [INFO] 🟢 OK: [India] B4U Movies [Backup 1] (Selected 1 link)
2026-10-10 03:58:41,363 [INFO] 🟢 OK: [India] Hindi Hits (Selected 1 link)
2026-10-10 03:58:41,410 [INFO] 🟢 OK: [India] Balle Balle (Selected 1 link)
2026-10-10 03:58:41,568 [INFO] 🟢 OK: [Bangladesh] Mntv (Tamil) (Selected 1 link)
2026-10-10 03:58:41,600 [INFO] 🟢 OK: [India] Goldmines Movies (Selected 1 link)
2026-10-10 03:58:41,639 [INFO] 🟢 OK: [India] Joo Music (Selected 1 link)
2026-10-10 03:58:41,772 [INFO] 🟢 OK: [India] 9X Jalwa [Backup 1] (Selected 1 link)
2026-10-10 03:58:41,908 [INFO] 🟢 OK: [India] B4U Music [Backup 1] (Selected 1 link)
2026-10-10 03:58:42,021 [INFO] 🔴 DEAD: [India] Tabbar Hits (All links failed)
2026-10-10 03:58:42,067 [INFO] 🟢 OK: [India] Thalaa Tv (Selected 1 link)
2026-10-10 03:58:42,111 [INFO] 🔴 DEAD: [India] Zoom Tv (All links failed)
2026-10-10 03:58:42,115 [INFO] 🟢 OK: [VOD / Movies] Hindi Movie Classic 24 (Selected 1 link)
2026-10-10 03:58:42,184 [INFO] 🔴 DEAD: [India] Zoom Tv [Backup 1] (All links failed)
2026-10-10 03:58:42,280 [INFO] 🟢 OK: [India] 9X Tashan (Selected 1 link)
2026-10-10 03:58:42,287 [INFO] 🟢 OK: [India] Public Movies (Selected 1 link)
2026-10-10 03:58:42,319 [INFO] 🟢 OK: [India] Tolly Tv (Selected 1 link)
2026-10-10 03:58:42,496 [INFO] 🟢 OK: [India] 9X Jhakaas (Selected 1 link)
2026-10-10 03:58:42,509 [INFO] 🟢 OK: [VOD / Movies] Jtv Classic (Selected 1 link)
2026-10-10 03:58:42,626 [INFO] 🟢 OK: [India] Roja Movies (Selected 1 link)
2026-10-10 03:58:42,791 [INFO] 🔴 DEAD: [India] &Tv [Backup 2] (All links failed)
2026-10-10 03:58:42,970 [INFO] 🔴 DEAD: [India] Colors (All links failed)
2026-10-10 03:58:43,055 [INFO] 🟢 OK: [India] Desi Channel (Selected 1 link)
2026-10-10 03:58:43,228 [INFO] 🔴 DEAD: [India] Etv Telugu (All links failed)
2026-10-10 03:58:43,307 [INFO] 🟢 OK: [India] Amrita Tv (Selected 1 link)
2026-10-10 03:58:43,325 [INFO] 🟢 OK: [India] 9X Jalwa [Backup 2] (Selected 1 link)
2026-10-10 03:58:43,367 [INFO] 🟢 OK: [India] Zee Cinema (Selected 1 link)
2026-10-10 03:58:43,393 [INFO] 🔴 DEAD: [India] Geo Kahani (All links failed)
2026-10-10 03:58:43,447 [INFO] 🟢 OK: [India] Aaryaa Tv (Selected 1 link)
2026-10-10 03:58:43,479 [INFO] 🔴 DEAD: [India] Star Jalsha [Backup 1] (All links failed)
2026-10-10 03:58:43,490 [INFO] 🔴 DEAD: [India] Mazhavil Manorama (All links failed)
2026-10-10 03:58:43,509 [INFO] 🔴 DEAD: [India] Flowers Us (All links failed)
2026-10-10 03:58:43,513 [INFO] 🟢 OK: [India] Bhojpuri Cinema (Selected 1 link)
2026-10-10 03:58:43,617 [INFO] 🟢 OK: [India] Zee Bollywood [Backup 1] (Selected 1 link)
2026-10-10 03:58:43,661 [INFO] 🟢 OK: [India] 7X Music (Selected 1 link)
2026-10-10 03:58:43,662 [INFO] 🟢 OK: [India] Sun Music (Selected 1 link)
2026-10-10 03:58:43,674 [INFO] 🟢 OK: [India] Isai Aruvi (Selected 1 link)
2026-10-10 03:58:43,721 [INFO] 🟢 OK: [VOD / Movies] 8Xm (Selected 1 link)
2026-10-10 03:58:44,110 [INFO] 🟢 OK: [India] Pitaara Tv (Selected 1 link)
2026-10-10 03:58:44,129 [INFO] 🔴 DEAD: [India] Sony Sab [Backup 1] (All links failed)
2026-10-10 03:58:44,129 [INFO] 🔴 DEAD: [VOD / Movies] Sony Max (All links failed)
2026-10-10 03:58:44,131 [INFO] 🔴 DEAD: [India] W_300,Q_85/-Y50-Jqbv9Knk3Ahlzsn/Posters/0Ab48Ac0-Ec84-4Ca2-9601-746Ff3Cb809E.Webp",Sony Entertainment Tv [Backup 4] (All links failed)
2026-10-10 03:58:44,157 [INFO] 🔴 DEAD: [India] Star Plus (All links failed)
2026-10-10 03:58:44,341 [INFO] 🔴 DEAD: [India] Zee Tv Hd [De] (All links failed)
2026-10-10 03:58:44,354 [INFO] 🔴 DEAD: [India] Zee Bangla Cinema [Backup 1] (All links failed)
2026-10-10 03:58:44,364 [INFO] 🔴 DEAD: [India] Zee Bangla [Backup 1] (All links failed)
2026-10-10 03:58:44,471 [INFO] 🔴 DEAD: [India] Amc Triller (All links failed)
2026-10-10 03:58:44,489 [INFO] 🔴 DEAD: [India] Zee Anmol [Backup 1] (All links failed)
2026-10-10 03:58:44,564 [INFO] 🟢 OK: [India] Mbc Bollywood (Selected 1 link)
2026-10-10 03:58:44,732 [INFO] 🟢 OK: [India] Colors Rishtey Americas (Selected 1 link)
2026-10-10 03:58:44,861 [INFO] 🔴 DEAD: [India] Zee Bangla Sonar [Backup 1] (All links failed)
2026-10-10 03:58:45,057 [INFO] 🟢 OK: [India] Amg Tv (Classic) (Selected 1 link)
2026-10-10 03:58:45,090 [INFO] 🟢 OK: [India] E24 (Selected 1 link)
2026-10-10 03:58:45,128 [INFO] 🟢 OK: [India] American Horrors (Selected 1 link)
2026-10-10 03:58:45,145 [INFO] 🔴 DEAD: [India] Zee Bollywood (All links failed)
2026-10-10 03:58:45,506 [INFO] 🟢 OK: [India] E24 [Backup 1] (Selected 1 link)
2026-10-10 03:58:45,835 [INFO] 🟢 OK: [India] Cinemax Moremax (Selected 1 link)
2026-10-10 03:58:45,858 [INFO] 🟢 OK: [India] Tarang Music (Selected 1 link)
2026-10-10 03:58:45,870 [INFO] 🟢 OK: [India] Cinevault Westerns (Selected 1 link)
2026-10-10 03:58:45,917 [INFO] 🟢 OK: [India] Dd Bharati (Selected 1 link)
2026-10-10 03:58:45,935 [INFO] 🔴 DEAD: [India] Gravitas Movies (All links failed)
2026-10-10 03:58:46,006 [INFO] 🔴 DEAD: [Bangladesh] Btv News [Backup 1] (All links failed)
2026-10-10 03:58:46,064 [INFO] 🟢 OK: [India] Steelbird Music (Selected 1 link)
2026-10-10 03:58:46,119 [INFO] 🔴 DEAD: [India] Hbo Movies (All links failed)
2026-10-10 03:58:46,409 [INFO] 🔴 DEAD: [India] Sony Max [Backup 2] (All links failed)
2026-10-10 03:58:46,433 [INFO] 🔴 DEAD: [India] Sony Max [Backup 4] (All links failed)
2026-10-10 03:58:46,572 [INFO] 🟢 OK: [India] Dd National (Selected 1 link)
2026-10-10 03:58:46,890 [INFO] 🟢 OK: [India] Ramdhenu (Selected 1 link)
2026-10-10 03:58:46,899 [INFO] 🟢 OK: [India] Ava Series (Selected 1 link)
2026-10-10 03:58:47,013 [INFO] 🟢 OK: [India] Only Music (Selected 1 link)
2026-10-10 03:58:47,025 [INFO] 🟢 OK: [India] Circle (Selected 1 link)
2026-10-10 03:58:47,033 [INFO] 🔴 DEAD: [India] Mnx (All links failed)
2026-10-10 03:58:47,109 [INFO] 🟢 OK: [India] Etv Music (Selected 1 link)
2026-10-10 03:58:47,165 [INFO] 🟢 OK: [India] Vijay Takkar Apac (Selected 1 link)
2026-10-10 03:58:47,184 [INFO] 🔴 DEAD: [India] Raj Digital Plus (All links failed)
2026-10-10 03:58:47,222 [INFO] 🟢 OK: [India] Ava Family (Selected 1 link)
2026-10-10 03:58:47,311 [INFO] 🔴 DEAD: [India] Classic Movies (All links failed)
2026-10-10 03:58:47,442 [INFO] 🟢 OK: [India] Made In Hollywood (Selected 1 link)
2026-10-10 03:58:47,485 [INFO] 🔴 DEAD: [India] &Tv [Backup 1] (All links failed)
2026-10-10 03:58:47,557 [INFO] 🟢 OK: [India] Ultimate Tv [Backup 1] (Selected 1 link)
2026-10-10 03:58:47,637 [INFO] 🔴 DEAD: [India] Rakuten Movies (All links failed)
2026-10-10 03:58:47,708 [INFO] 🟢 OK: [India] Mytime Movie Network Br (Selected 1 link)
2026-10-10 03:58:47,747 [INFO] 🔴 DEAD: [India] Sparkle Movies (All links failed)
2026-10-10 03:58:47,762 [INFO] 🟢 OK: [India] &Tv (Selected 1 link)
2026-10-10 03:58:47,899 [INFO] 🟢 OK: [India] Zee Tv [Backup 2] (Selected 1 link)
2026-10-10 03:58:48,003 [INFO] 🔴 DEAD: [India] The Walking Dead Universe (All links failed)
2026-10-10 03:58:48,023 [INFO] 🟢 OK: [India] Grand Cinema (Selected 1 link)
2026-10-10 03:58:48,055 [INFO] 🟢 OK: [India] Fx 1 Movies (Selected 1 link)
2026-10-10 03:58:48,120 [INFO] 🟢 OK: [India] Moviesphere Uk (Selected 1 link)
2026-10-10 03:58:48,169 [INFO] 🟢 OK: [India] Sana Plus (Selected 1 link)
2026-10-10 03:58:48,177 [INFO] 🔴 DEAD: [India] Star Movies [Backup 1] (All links failed)
2026-10-10 03:58:48,188 [INFO] 🔴 DEAD: [India] Star Movies Select (All links failed)
2026-10-10 03:58:48,425 [INFO] 🟢 OK: [India] Mytime Movie (Selected 1 link)
2026-10-10 03:58:48,438 [INFO] 🔴 DEAD: [India] 4 Fun Tv (All links failed)
2026-10-10 03:58:48,479 [INFO] 🟢 OK: [India] Ultimate Tv (Selected 1 link)
2026-10-10 03:58:48,579 [INFO] 🟢 OK: [India] Dangal (Selected 1 link)
2026-10-10 03:58:48,627 [INFO] 🟢 OK: [India] Anand Tv (Selected 1 link)
2026-10-10 03:58:48,691 [INFO] 🟢 OK: [India] Mytime Movie Network (Selected 1 link)
2026-10-10 03:58:48,837 [INFO] 🟢 OK: [India] Ptc Punjabi (Selected 1 link)
2026-10-10 03:58:48,966 [INFO] 🟢 OK: [India] My Cinema (Selected 1 link)
2026-10-10 03:58:49,061 [INFO] 🔴 DEAD: [Bangladesh] Ekushey Tv (All links failed)
2026-10-10 03:58:49,064 [INFO] 🟢 OK: [India] Hum Tv [Backup 1] (Selected 1 link)
2026-10-10 03:58:49,068 [INFO] 🟢 OK: [India] Afn Tv (Selected 1 link)
2026-10-10 03:58:49,093 [INFO] 🟢 OK: [India] Blues Tv (Selected 1 link)
2026-10-10 03:58:49,116 [INFO] 🔴 DEAD: [India] W_300,Q_85/-Y50-Jqbv9Knk3Ahlzsn/Posters/0Ab48Ac0-Ec84-4Ca2-9601-746Ff3Cb809E.Webp",Sony Entertainment Tv (All links failed)
2026-10-10 03:58:49,172 [INFO] 🟢 OK: [India] Kairali Tv (Selected 1 link)
2026-10-10 03:58:49,226 [INFO] 🟢 OK: [India] Mazhavil Manorama [Backup 1] (Selected 1 link)
2026-10-10 03:58:49,322 [INFO] 🟢 OK: [India] Movie Dome Family (Selected 1 link)
2026-10-10 03:58:49,344 [INFO] 🔴 DEAD: [India] W_300,Q_85/-Y50-Jqbv9Knk3Ahlzsn/Posters/0Ab48Ac0-Ec84-4Ca2-9601-746Ff3Cb809E.Webp",Sony Entertainment Tv [Backup 1] (All links failed)
2026-10-10 03:58:49,429 [INFO] 🟢 OK: [India] 1Mus (Selected 1 link)
2026-10-10 03:58:49,505 [INFO] 🟢 OK: [India] Cine Action Fr (Selected 1 link)
2026-10-10 03:58:49,659 [INFO] 🟢 OK: [India] Groove (Selected 1 link)
2026-10-10 03:58:49,682 [INFO] 🟢 OK: [India] Persiana Kore (Selected 1 link)
2026-10-10 03:58:49,775 [INFO] 🟢 OK: [India] Great! Movies (Selected 1 link)
2026-10-10 03:58:49,785 [INFO] 🔴 DEAD: [India] Dance Tv (All links failed)
2026-10-10 03:58:49,830 [INFO] 🟢 OK: [India] Action Hollywood Movies (Selected 1 link)
2026-10-10 03:58:49,832 [INFO] 🟢 OK: [India] Action Hollywood Movies [Backup 1] (Selected 1 link)
2026-10-10 03:58:49,938 [INFO] 🟢 OK: [India] Sl1 (Selected 1 link)
2026-10-10 03:58:49,940 [INFO] 🟢 OK: [India] Red Carpet Tv International (Selected 1 link)
2026-10-10 03:58:49,942 [INFO] 🟢 OK: [India] Cowboy Movie Channel (Selected 1 link)
2026-10-10 03:58:50,152 [INFO] 🟢 OK: [India] Great! Romance (Selected 1 link)
2026-10-10 03:58:50,234 [INFO] 🟢 OK: [Others] Like Gecko) Chrome/130.0.0.0 Safari/537.36 (Selected 1 link)
2026-10-10 03:58:50,243 [INFO] 🟢 OK: [India] Zee Tv [Backup 1] (Selected 1 link)
2026-10-10 03:58:50,283 [INFO] 🟢 OK: [India] Zoom Tv [Backup 2] (Selected 1 link)
2026-10-10 03:58:50,689 [INFO] 🟢 OK: [India] Stingray Classic Rock (Selected 1 link)
2026-10-10 03:58:50,768 [INFO] 🔴 DEAD: [India] Punjabi Hits (All links failed)
2026-10-10 03:58:50,786 [INFO] 🟢 OK: [India] Stingray Easy Listening (Selected 1 link)
2026-10-10 03:58:50,820 [INFO] 🟢 OK: [India] Qello Concerts By Stingray (Selected 1 link)
2026-10-10 03:58:50,826 [INFO] 🔴 DEAD: [India] Stingray Remember The 80S (All links failed)
2026-10-10 03:58:50,954 [INFO] 🟢 OK: [India] W_300,Q_85/-Y50-Jqbv9Knk3Ahlzsn/Posters/0Ab48Ac0-Ec84-4Ca2-9601-746Ff3Cb809E.Webp",Sony Entertainment Tv [Backup 2] (Selected 1 link)
2026-10-10 03:58:50,966 [INFO] 🟢 OK: [India] M20 Music (Selected 1 link)
2026-10-10 03:58:50,976 [INFO] 🟢 OK: [India] Play Tv (Selected 1 link)
2026-10-10 03:58:50,987 [INFO] 🔴 DEAD: [India] Teleritmo (All links failed)
2026-10-10 03:58:51,091 [INFO] 🔴 DEAD: [India] Raj Musix Tamil (All links failed)
2026-10-10 03:58:51,106 [INFO] 🟢 OK: [India] Top Tv (Selected 1 link)
2026-10-10 03:58:51,159 [INFO] 🟢 OK: [India] Stingray Djazz (Selected 1 link)
2026-10-10 03:58:51,181 [INFO] 🟢 OK: [India] Ocko Expres (Selected 1 link)
2026-10-10 03:58:51,195 [INFO] 🟢 OK: [India] Mad (Selected 1 link)
2026-10-10 03:58:51,204 [INFO] 🟢 OK: [India] Albania Music (Selected 1 link)
2026-10-10 03:58:51,280 [INFO] 🟢 OK: [India] Stingray Today'S Kpop (Selected 1 link)
2026-10-10 03:58:51,281 [INFO] 🟢 OK: [India] Kronehit Tv (Selected 1 link)
2026-10-10 03:58:51,289 [INFO] 🔴 DEAD: [India] Trace Uk (All links failed)
2026-10-10 03:58:51,342 [INFO] 🔴 DEAD: [India] Saga Music (All links failed)
2026-10-10 03:58:51,356 [INFO] 🔴 DEAD: [India] Shanson Tv (All links failed)
2026-10-10 03:58:51,429 [INFO] 🔴 DEAD: [India] Vevo '70S & '80S (All links failed)
2026-10-10 03:58:51,532 [INFO] 🔴 DEAD: [India] Vevo Hip Hop & R&B (All links failed)
2026-10-10 03:58:51,545 [INFO] 🔴 DEAD: [India] Vevo Pop (All links failed)
2026-10-10 03:58:51,550 [INFO] 🟢 OK: [India] 30A Music (Selected 1 link)
2026-10-10 03:58:51,585 [INFO] 🔴 DEAD: [India] Saga Music Haryanvi (All links failed)
2026-10-10 03:58:51,757 [INFO] 🟢 OK: [India] Trace Latino (Selected 1 link)
2026-10-10 03:58:51,814 [INFO] 🔴 DEAD: [Documentary & Wildlife] Bbc Earth [Backup 2] (All links failed)
2026-10-10 03:58:51,844 [INFO] 🟢 OK: [India] Now 70S (Selected 1 link)
2026-10-10 03:58:51,888 [INFO] 🔴 DEAD: [Documentary & Wildlife] Discovery [Backup 1] (All links failed)
2026-10-10 03:58:51,952 [INFO] 🟢 OK: [India] Cmc Tv (Selected 1 link)
2026-10-10 03:58:51,996 [INFO] 🔴 DEAD: [Documentary & Wildlife] History [Backup 1] (All links failed)
2026-10-10 03:58:52,142 [INFO] 🔴 DEAD: [India] Yrf Music [Backup 1] (All links failed)
2026-10-10 03:58:52,145 [INFO] 🟢 OK: [India] Pmc Royale (Selected 1 link)
2026-10-10 03:58:52,192 [INFO] 🔴 DEAD: [Documentary & Wildlife] National Geographic [Backup 1] (All links failed)
2026-10-10 03:58:52,228 [INFO] 🟢 OK: [India] Atomic Tv (Romania) (Selected 1 link)
2026-10-10 03:58:52,241 [INFO] 🔴 DEAD: [India] Sony Bbc Earth [Backup 2] (All links failed)
2026-10-10 03:58:52,251 [INFO] 🟢 OK: [Bangladesh] Academy Tv (Selected 1 link)
2026-10-10 03:58:52,268 [INFO] 🟢 OK: [India] Lol Tv (Selected 1 link)
2026-10-10 03:58:52,411 [INFO] 🟢 OK: [Documentary & Wildlife] Bbc Earth [Backup 1] (Selected 1 link)
2026-10-10 03:58:52,445 [INFO] 🟢 OK: [India] W_300,Q_85/-Y50-Jqbv9Knk3Ahlzsn/Posters/0Ab48Ac0-Ec84-4Ca2-9601-746Ff3Cb809E.Webp",Sony Entertainment Tv [Backup 3] (Selected 1 link)
2026-10-10 03:58:52,530 [INFO] 🟢 OK: [India] Bang Bang Tv (Selected 1 link)
2026-10-10 03:58:52,542 [INFO] 🔴 DEAD: [Kids] Baby Shark Tv [Backup 1] (All links failed)
2026-10-10 03:58:52,554 [INFO] 🔴 DEAD: [Kids] Cartoon Network [Backup 1] (All links failed)
2026-10-10 03:58:52,642 [INFO] 🟢 OK: [India] Baraza Music Tv (Selected 1 link)
2026-10-10 03:58:52,755 [INFO] 🟢 OK: [India] Kronehit [Backup 1] (Selected 1 link)
2026-10-10 03:58:52,771 [INFO] 🟢 OK: [India] Now Rock (Selected 1 link)
2026-10-10 03:58:52,784 [INFO] 🟢 OK: [India] Baraza Music Tv [Backup 1] (Selected 1 link)
2026-10-10 03:58:52,811 [INFO] 🔴 DEAD: [Documentary & Wildlife] Travel Xp (All links failed)
2026-10-10 03:58:52,816 [INFO] 🔴 DEAD: [Kids] Duck Tv (All links failed)
2026-10-10 03:58:52,878 [INFO] 🔴 DEAD: [Documentary & Wildlife] National Geographic [Backup 2] (All links failed)
2026-10-10 03:58:52,879 [INFO] 🔴 DEAD: [Kids] Minimax [Backup 1] (All links failed)
2026-10-10 03:58:52,939 [INFO] 🟢 OK: [India] Trt Music (Selected 1 link)
2026-10-10 03:58:53,169 [INFO] 🔴 DEAD: [Kids] Lego Channel (All links failed)
2026-10-10 03:58:53,173 [INFO] 🔴 DEAD: [Kids] Lego Channel [Backup 1] (All links failed)
2026-10-10 03:58:53,256 [INFO] 🟢 OK: [Kids] Doraemon (Selected 1 link)
2026-10-10 03:58:53,262 [INFO] 🟢 OK: [India] Retro Music Tv (Selected 1 link)
2026-10-10 03:58:53,307 [INFO] 🟢 OK: [Kids] Baby Shark Tv (Selected 1 link)
2026-10-10 03:58:53,312 [INFO] 🔴 DEAD: [Kids] Pbs Kids (All links failed)
2026-10-10 03:58:53,354 [INFO] 🟢 OK: [India] P2M Tv (Selected 1 link)
2026-10-10 03:58:53,398 [INFO] 🟢 OK: [India] Arabica Tv (Selected 1 link)
2026-10-10 03:58:53,483 [INFO] 🟢 OK: [Kids] Doraemon [Backup 1] (Selected 1 link)
2026-10-10 03:58:53,522 [INFO] 🟢 OK: [India] Now 80'S (Selected 1 link)
2026-10-10 03:58:53,589 [INFO] 🟢 OK: [Kids] Oggy And The Cockroaches (Selected 1 link)
2026-10-10 03:58:53,598 [INFO] 🔴 DEAD: [Kids] The Lego Channel (All links failed)
2026-10-10 03:58:53,677 [INFO] 🟢 OK: [Documentary & Wildlife] National Geographic [Backup 3] (Selected 1 link)
2026-10-10 03:58:53,678 [INFO] 🔴 DEAD: [Kids] Strawberry Shortcake (All links failed)
2026-10-10 03:58:53,684 [INFO] 🔴 DEAD: [Kids] Strawberry Shortcake [Backup 1] (All links failed)
2026-10-10 03:58:53,714 [INFO] 🔴 DEAD: [Kids] Toon Goggles (All links failed)
2026-10-10 03:58:53,715 [INFO] 🔴 DEAD: [Kids] Teletubbies (All links failed)
2026-10-10 03:58:53,717 [INFO] 🔴 DEAD: [Kids] Sonic (All links failed)
2026-10-10 03:58:53,723 [INFO] 🔴 DEAD: [Kids] Teletubbies [Backup 1] (All links failed)
2026-10-10 03:58:53,800 [INFO] 🟢 OK: [VOD / Movies] Animal Planet [Backup 1] (Selected 1 link)
2026-10-10 03:58:53,849 [INFO] 🔴 DEAD: [India] Zee Anmol (All links failed)
2026-10-10 03:58:54,143 [INFO] 🟢 OK: [Documentary & Wildlife] Rt Documentary (Selected 1 link)
2026-10-10 03:58:54,170 [INFO] 🟢 OK: [Kids] Minimax (Selected 1 link)
2026-10-10 03:58:54,219 [INFO] 🟢 OK: [Kids] Tom And Jerry (Selected 1 link)
2026-10-10 03:58:54,236 [INFO] 🟢 OK: [Religious] Al Sunnah Tv (Selected 1 link)
2026-10-10 03:58:54,256 [INFO] 🟢 OK: [India] Biz Music (Selected 1 link)
2026-10-10 03:58:54,366 [INFO] 🟢 OK: [India] Xite (Selected 1 link)
2026-10-10 03:58:54,512 [INFO] 🟢 OK: [India] Sony Bbc Earth (Selected 1 link)
2026-10-10 03:58:54,546 [INFO] 🟢 OK: [Kids] Zoo Moo (Selected 1 link)
2026-10-10 03:58:54,548 [INFO] 🟢 OK: [India] K Cine (Selected 1 link)
2026-10-10 03:58:54,634 [INFO] 🟢 OK: [Documentary & Wildlife] Love Nature [Backup 2] (Selected 1 link)
2026-10-10 03:58:54,984 [INFO] 🟢 OK: [India] Trace Urban (Selected 1 link)
2026-10-10 03:58:55,001 [INFO] 🟢 OK: [India] Xite Hits (Selected 1 link)
2026-10-10 03:58:55,083 [INFO] 🟢 OK: [India] V2Beat (Selected 1 link)
2026-10-10 03:58:55,178 [INFO] 🟢 OK: [India] Radio Norba Tv (Selected 1 link)
2026-10-10 03:58:55,236 [INFO] 🟢 OK: [Religious] Ibn Tv Africa (Selected 1 link)
2026-10-10 03:58:55,275 [INFO] 🟢 OK: [Religious] Ibn Tv (Selected 1 link)
2026-10-10 03:58:55,299 [INFO] 🟢 OK: [Kids] Zoo Moo [Backup 2] (Selected 1 link)
2026-10-10 03:58:55,490 [INFO] 🟢 OK: [[Gen] General] Cgtn Documentary (Selected 1 link)
2026-10-10 03:58:55,551 [INFO] 🟢 OK: [Documentary & Wildlife] Travel Xp [Backup 1] (Selected 1 link)
2026-10-10 03:58:55,578 [INFO] 🔴 DEAD: [Religious] Al Quran Al Kareem Tv [Backup 1] (All links failed)
2026-10-10 03:58:55,599 [INFO] 🟢 OK: [Religious] Quran [Backup 2] (Selected 1 link)
2026-10-10 03:58:55,607 [INFO] 🟢 OK: [Religious] Quran [Backup 1] (Selected 1 link)
2026-10-10 03:58:55,665 [INFO] 🟢 OK: [Kids] Mr Bean Animated [Backup 1] (Selected 1 link)
2026-10-10 03:58:55,682 [INFO] 🟢 OK: [Religious] Ion Tv Uk (Selected 1 link)
2026-10-10 03:58:55,889 [INFO] 🟢 OK: [Sports] Bein Sports Extra (Selected 1 link)
2026-10-10 03:58:55,940 [INFO] 🟢 OK: [Religious] Makkah Tv [Backup 1] (Selected 1 link)
2026-10-10 03:58:56,175 [INFO] 🔴 DEAD: [Sports] Bein Sports 3 (All links failed)
2026-10-10 03:58:56,179 [INFO] 🟢 OK: [Sports] Bein Sports Xtra (Selected 1 link)
2026-10-10 03:58:56,183 [INFO] 🔴 DEAD: [Sports] Bein Sports 6 (All links failed)
2026-10-10 03:58:56,187 [INFO] 🔴 DEAD: [Sports] Bein Sports 7 (All links failed)
2026-10-10 03:58:56,193 [INFO] 🟢 OK: [Religious] Medina Live [Backup 1] (Selected 1 link)
2026-10-10 03:58:56,281 [INFO] 🟢 OK: [Documentary & Wildlife] Outdoor Channel (Selected 1 link)
2026-10-10 03:58:56,445 [INFO] 🟢 OK: [Religious] Sunnah (Selected 1 link)
2026-10-10 03:58:56,464 [INFO] 🟢 OK: [Religious] Al Quran Al Kareem Tv (Selected 1 link)
2026-10-10 03:58:56,547 [INFO] 🟢 OK: [India] Rouge Tv [Switzerland] (Selected 1 link)
2026-10-10 03:58:56,568 [INFO] 🟢 OK: [Kids] Toon Goggles [Backup 1] (Selected 1 link)
2026-10-10 03:58:56,639 [INFO] 🔴 DEAD: [Sports] Euro Sport Hd (All links failed)
2026-10-10 03:58:56,660 [INFO] 🔴 DEAD: [Sports] Nba Tv (All links failed)
2026-10-10 03:58:56,731 [INFO] 🟢 OK: [Kids] Toon Goggles [Backup 2] (Selected 1 link)
2026-10-10 03:58:56,736 [INFO] 🔴 DEAD: [Sports] Sky Sports Action (All links failed)
2026-10-10 03:58:56,814 [INFO] 🔴 DEAD: [Sports] Sky Sports Cricket (All links failed)
2026-10-10 03:58:56,836 [INFO] 🔴 DEAD: [Sports] Sky Sports Football (All links failed)
2026-10-10 03:58:56,866 [INFO] 🟢 OK: [Sports] Bein Sports Xtra En Espanol (Selected 1 link)
2026-10-10 03:58:56,881 [INFO] 🟢 OK: [Religious] Sky Life Bd Al Quran (Selected 1 link)
2026-10-10 03:58:56,920 [INFO] 🟢 OK: [Sports] Fox Sports (Selected 1 link)
2026-10-10 03:58:57,084 [INFO] 🟢 OK: [Documentary & Wildlife] Investigation Discovery (Selected 1 link)
2026-10-10 03:58:57,090 [INFO] 🔴 DEAD: [India] Star Sports 2 Hindi (720P) (All links failed)
2026-10-10 03:58:57,224 [INFO] 🟢 OK: [Religious] Dua Channel (Selected 1 link)
2026-10-10 03:58:57,259 [INFO] 🟢 OK: [Religious] Ary Q Tv (Selected 1 link)
2026-10-10 03:58:57,271 [INFO] 🟢 OK: [Kids] Zoo Moo [Backup 1] (Selected 1 link)
2026-10-10 03:58:57,376 [INFO] 🔴 DEAD: [India] Moviesphere (All links failed)
2026-10-10 03:58:57,387 [INFO] 🟢 OK: [Sports] Espn [Backup 1] (Selected 1 link)
2026-10-10 03:58:57,428 [INFO] 🟢 OK: [Religious] Makkah Tv (Selected 1 link)
2026-10-10 03:58:57,460 [INFO] 🔴 DEAD: [Bangladesh] Tnt Sports 3 (All links failed)
2026-10-10 03:58:57,466 [INFO] 🔴 DEAD: [Bangladesh] Tnt Sports 2 (All links failed)
2026-10-10 03:58:57,470 [INFO] 🔴 DEAD: [Bangladesh] Tnt Sports 1 (All links failed)
2026-10-10 03:58:57,474 [INFO] 🔴 DEAD: [Bangladesh] Tnt Sports 4 (All links failed)
2026-10-10 03:58:57,637 [INFO] 🔴 DEAD: [Bangladesh] T Sports (All links failed)
2026-10-10 03:58:57,683 [INFO] 🟢 OK: [Religious] Deen Tv (576P) (Selected 1 link)
2026-10-10 03:58:57,750 [INFO] 🟢 OK: [Religious] Al-Zahra Tv Turkic (Selected 1 link)
2026-10-10 03:58:57,808 [INFO] 🟢 OK: [India] Sony Yay [Backup 1] (Selected 1 link)
2026-10-10 03:58:57,839 [INFO] 🔴 DEAD: [VOD / Movies] Star Movies (All links failed)
2026-10-10 03:58:57,911 [INFO] 🟢 OK: [Sports] Nbc Sports (Selected 1 link)
2026-10-10 03:58:57,932 [INFO] 🟢 OK: [Religious] Sunnah Tv (Selected 1 link)
2026-10-10 03:58:57,961 [INFO] 🔴 DEAD: [India] Movies Now Hd (All links failed)
2026-10-10 03:58:58,071 [INFO] 🔴 DEAD: [Others] Jungle Book (All links failed)
2026-10-10 03:58:58,102 [INFO] 🟢 OK: [India] Star Sports 1 Hindi (Selected 1 link)
2026-10-10 03:58:58,116 [INFO] 🟢 OK: [Sports] Fox Sports 501 (Selected 1 link)
2026-10-10 03:58:58,196 [INFO] 🟢 OK: [Religious] Peace Tv Bangla [Backup 1] (Selected 1 link)
2026-10-10 03:58:58,368 [INFO] 🔴 DEAD: [India] Romedy Now (All links failed)
2026-10-10 03:58:58,427 [INFO] 🟢 OK: [VOD / Movies] Quran (Selected 1 link)
2026-10-10 03:58:58,588 [INFO] 🟢 OK: [Kids] Pogo [Backup 1] (Selected 1 link)
2026-10-10 03:58:58,617 [INFO] 🟢 OK: [Sports] Nhl Network (Selected 1 link)
2026-10-10 03:58:58,740 [INFO] 🟢 OK: [Bangladesh] Deshe Bideshe (Selected 1 link)
2026-10-10 03:58:58,832 [INFO] 🔴 DEAD: [India] Afrobeats (All links failed)
2026-10-10 03:58:58,995 [INFO] 🟢 OK: [Documentary & Wildlife] Animal Planet [Backup 2] (Selected 1 link)
2026-10-10 03:58:59,070 [INFO] 🟢 OK: [India] T Global News (Canada) (Selected 1 link)
2026-10-10 03:58:59,095 [INFO] 🟢 OK: [Religious] Al Istiqama (Selected 1 link)
2026-10-10 03:58:59,113 [INFO] 🟢 OK: [India] Iran International(En) (Selected 1 link)
2026-10-10 03:58:59,185 [INFO] 🟢 OK: [India] Travel Xp English Nz (Selected 1 link)
2026-10-10 03:58:59,204 [INFO] 🟢 OK: [India] Vevo '90S & '00S (Selected 1 link)
2026-10-10 03:58:59,225 [INFO] 🟢 OK: [India] Travel Xp English (Selected 1 link)
2026-10-10 03:58:59,247 [INFO] 🟢 OK: [Kids] Nickjr (Selected 1 link)
2026-10-10 03:58:59,324 [INFO] 🟢 OK: [Sports] Motor Vision (Selected 1 link)
2026-10-10 03:58:59,343 [INFO] 🟢 OK: [India] Global News (Us) (Selected 1 link)
2026-10-10 03:58:59,418 [INFO] 🟢 OK: [Religious] Quran Live (Selected 1 link)
2026-10-10 03:58:59,724 [INFO] 🟢 OK: [India] France 24 English (720P) (Selected 1 link)
2026-10-10 03:58:59,725 [INFO] 🟢 OK: [Religious] Salaam Tv (Selected 1 link)
2026-10-10 03:58:59,751 [INFO] 🔴 DEAD: [India] Kronehit (All links failed)
2026-10-10 03:58:59,763 [INFO] 🟢 OK: [Sports] Fight Network (Selected 1 link)
2026-10-10 03:58:59,849 [INFO] 🟢 OK: [India] Fon Music Tnt Music (Selected 1 link)
2026-10-10 03:58:59,907 [INFO] 🟢 OK: [India] Star Sports Hindi (Selected 1 link)
2026-10-10 03:58:59,936 [INFO] 🟢 OK: [India] News Max 2 (Selected 1 link)
2026-10-10 03:58:59,943 [INFO] 🟢 OK: [India] Dw English (Selected 1 link)
2026-10-10 03:59:00,055 [INFO] 🟢 OK: [India] Dw English _ (Selected 1 link)
2026-10-10 03:59:00,068 [INFO] 🟢 OK: [India] France News 24 (Selected 1 link)
2026-10-10 03:59:00,118 [INFO] 🟢 OK: [Relagion Channel] Ewtn Tv (Selected 1 link)
2026-10-10 03:59:00,121 [INFO] 🟢 OK: [Sports] Channel 1 News Hd (Selected 1 link)
2026-10-10 03:59:00,163 [INFO] 🟢 OK: [India] Sony Bbc Earth [Backup 1] (Selected 1 link)
2026-10-10 03:59:00,163 [INFO] 🟢 OK: [Relagion Channel] Arihant Tv (Selected 1 link)
2026-10-10 03:59:00,322 [INFO] 🟢 OK: [Kids] Discovery Kids [Backup 1] (Selected 1 link)
2026-10-10 03:59:00,323 [INFO] 🔴 DEAD: [India] Oxygen Music (All links failed)
2026-10-10 03:59:00,341 [INFO] 🔴 DEAD: [Others] Tsn1 (All links failed)
2026-10-10 03:59:00,545 [INFO] 🟢 OK: [Others] Ent | Dangal Tv (Selected 1 link)
2026-10-10 03:59:00,643 [INFO] 🟢 OK: [India] News | Aaj Tak Hd (Selected 1 link)
2026-10-10 03:59:00,723 [INFO] 🟢 OK: [Music] Baallee (Selected 1 link)
2026-10-10 03:59:00,796 [INFO] 🟢 OK: [Sports] Bein Sport 1 (Selected 1 link)
2026-10-10 03:59:00,914 [INFO] 🟢 OK: [Documentary] Real Wild (Selected 1 link)
2026-10-10 03:59:01,019 [INFO] 🔴 DEAD: [India] Music India [Backup 1] (All links failed)
2026-10-10 03:59:01,050 [INFO] 🟢 OK: [VOD / Movies] Surongo (Selected 1 link)
2026-10-10 03:59:01,211 [INFO] 🟢 OK: [Bangladesh] Nk (Selected 1 link)
2026-10-10 03:59:01,254 [INFO] 🟢 OK: [Sports] A Spor (Selected 1 link)
2026-10-10 03:59:01,300 [INFO] 🔴 DEAD: [Others] Dota 2 - Day 6 - Feed 1 | Esports World Cup 2026 (Ewc) (All links failed)
2026-10-10 03:59:01,305 [INFO] 🔴 DEAD: [Others] Dota 2 - Day 6 - Feed 2 | Esports World Cup 2026 (Ewc) (All links failed)
2026-10-10 03:59:01,357 [INFO] 🔴 DEAD: [Others] Cycling Day 5 - Langenlois Live | Lidl Tour Of Austria 75 - 2026 (All links failed)
2026-10-10 03:59:01,394 [INFO] 🔴 DEAD: [India] Powertürk Tv (All links failed)
2026-10-10 03:59:01,576 [INFO] 🟢 OK: [Sports] Cowboy Tv (Selected 1 link)
2026-10-10 03:59:01,622 [INFO] 🟢 OK: [Sports] Fm Radio (Selected 1 link)
2026-10-10 03:59:01,684 [INFO] 🟢 OK: [Religious] Madani Channel Bangla (720P) (Selected 1 link)
2026-10-10 03:59:01,743 [INFO] 🟢 OK: [India] Colors Infinity Sd (Selected 1 link)
2026-10-10 03:59:01,781 [INFO] 🟢 OK: [India] Sony Aath 2 (Selected 1 link)
2026-10-10 03:59:01,831 [INFO] 🟢 OK: [Others] Enter10 Bangla Hd (Selected 1 link)
2026-10-10 03:59:01,869 [INFO] 🟢 OK: [India] Mbc Tv (Selected 1 link)
2026-10-10 03:59:02,158 [INFO] 🟢 OK: [India] Ndtv English (Selected 1 link)
2026-10-10 03:59:02,263 [INFO] 🟢 OK: [India] Animal Planet Hd (Selected 1 link)
2026-10-10 03:59:02,267 [INFO] 🟢 OK: [Others] Bbc Bangla (Selected 1 link)
2026-10-10 03:59:02,321 [INFO] 🟢 OK: [India] Sony Ten 2 (Selected 1 link)
2026-10-10 03:59:02,351 [INFO] 🔴 DEAD: [Others] Stream 2 (All links failed)
2026-10-10 03:59:02,365 [INFO] 🔴 DEAD: [Documentary & Wildlife] Tlc [Backup 1] (All links failed)
2026-10-10 03:59:02,369 [INFO] 🔴 DEAD: [Others] Stream 4 (All links failed)
2026-10-10 03:59:02,389 [INFO] 🔴 DEAD: [Documentary & Wildlife] Tlc [Backup 2] (All links failed)
2026-10-10 03:59:02,434 [INFO] 🟢 OK: [Documentary & Wildlife] Love Nature [Backup 1] (Selected 1 link)
2026-10-10 03:59:02,538 [INFO] 🟢 OK: [Others] Stream 157 (Selected 1 link)
2026-10-10 03:59:02,559 [INFO] 🟢 OK: [India] Sony Ten 5 (Selected 1 link)
2026-10-10 03:59:02,575 [INFO] 🟢 OK: [Others] Stream 25 (Selected 1 link)
2026-10-10 03:59:02,842 [INFO] 🟢 OK: [Others] In | Bangla Jago Tv (Selected 1 link)
2026-10-10 03:59:02,957 [INFO] 🟢 OK: [India] Digital Fashion (Selected 1 link)
2026-10-10 03:59:02,968 [INFO] 🟢 OK: [Others] Al Jazeera (1080P) (Selected 1 link)
2026-10-10 03:59:02,977 [INFO] 🟢 OK: [Others] Stream 112 (Selected 1 link)
2026-10-10 03:59:03,031 [INFO] 🟢 OK: [Others] Stream 134 (Selected 1 link)
2026-10-10 03:59:03,090 [INFO] 🔴 DEAD: [India] Zee Action (All links failed)
2026-10-10 03:59:03,107 [INFO] 🔴 DEAD: [India] Sony One Blacklist (1080P) (All links failed)
2026-10-10 03:59:03,190 [INFO] 🔴 DEAD: [India] Sony One Hits Action (1080P) (All links failed)
2026-10-10 03:59:03,224 [INFO] 🔴 DEAD: [India] Sony One Favoris (1080P) (All links failed)
2026-10-10 03:59:03,247 [INFO] 🔴 DEAD: [India] Sony One Hits Comedie (1080P) (All links failed)
2026-10-10 03:59:03,269 [INFO] 🟢 OK: [Sports] Golf Network (Selected 1 link)
2026-10-10 03:59:03,503 [INFO] 🟢 OK: [Others] Stream 140 (Selected 1 link)
2026-10-10 03:59:03,595 [INFO] 🟢 OK: [Fifa World Cup 2026] Bein Sports Tekrar (Selected 1 link)
2026-10-10 03:59:03,634 [INFO] 🔴 DEAD: [India] Zee One Français (720P) (All links failed)
2026-10-10 03:59:03,670 [INFO] 🟢 OK: [Others] News | India Tv (Selected 1 link)
2026-10-10 03:59:03,759 [INFO] 🟢 OK: [Others] Ent | Dd Urdu (Selected 1 link)
2026-10-10 03:59:03,822 [INFO] 🟢 OK: [Others] News | News24 (Selected 1 link)
2026-10-10 03:59:03,840 [INFO] 🔴 DEAD: [India] Zee One German (720P) (All links failed)
2026-10-10 03:59:03,872 [INFO] 🟢 OK: [India] Fashion One (Selected 1 link)
2026-10-10 03:59:03,885 [INFO] 🟢 OK: [India] News | Zee Business (Selected 1 link)
2026-10-10 03:59:03,936 [INFO] 🟢 OK: [Others] Stream 24 (Selected 1 link)
2026-10-10 03:59:04,015 [INFO] 🟢 OK: [India] Zee Business (720P) (Selected 1 link)
2026-10-10 03:59:04,184 [INFO] 🔴 DEAD: [Others] Stream 13 (All links failed)
2026-10-10 03:59:04,219 [INFO] 🟢 OK: [India] Zee News (1080P) (Selected 1 link)
2026-10-10 03:59:04,577 [INFO] 🟢 OK: [Religious] Peace Tv English (Selected 1 link)
2026-10-10 03:59:04,836 [INFO] 🟢 OK: [India] Sony Channel (1080P) (Selected 1 link)
2026-10-10 03:59:05,130 [INFO] 🟢 OK: [India] Sony Kal Hindi (1080P) (Selected 1 link)
2026-10-10 03:59:05,149 [INFO] 🟢 OK: [India] Cine Sony (720P) (Selected 1 link)
2026-10-10 03:59:05,374 [INFO] 🟢 OK: [India] Ndtv News (Selected 1 link)
2026-10-10 03:59:05,524 [INFO] 🟢 OK: [Others] Ent | Dangal2 (Selected 1 link)
2026-10-10 03:59:05,838 [INFO] 🟢 OK: [Others] Discovery English (Selected 1 link)
2026-10-10 03:59:05,848 [INFO] 🟢 OK: [Religious] Almasira Mubasher (Selected 1 link)
2026-10-10 03:59:05,922 [INFO] 🟢 OK: [Others] News | News Nation (Selected 1 link)
2026-10-10 03:59:05,991 [INFO] 🟢 OK: [Bangladesh] Pcv (Selected 1 link)
2026-10-10 03:59:06,182 [INFO] 🟢 OK: [India] Zee 24 Kalak (720P) (Selected 1 link)
2026-10-10 03:59:06,304 [INFO] 🟢 OK: [VOD / Movies] Mardaani 3 (Selected 1 link)
2026-10-10 03:59:06,345 [INFO] 🟢 OK: [VOD / Movies] Antarjal (Selected 1 link)
2026-10-10 03:59:06,478 [INFO] 🟢 OK: [India] Zee 24 Taas (720P) (Selected 1 link)
2026-10-10 03:59:06,504 [INFO] 🟢 OK: [India] News | Republic Tv (Selected 1 link)
2026-10-10 03:59:06,568 [INFO] 🟢 OK: [India] Times Of India (Selected 1 link)
2026-10-10 03:59:06,671 [INFO] 🟢 OK: [Others] Hindi Khabar (Selected 1 link)
2026-10-10 03:59:06,765 [INFO] 🟢 OK: [Others] Stream 45 (Selected 1 link)
2026-10-10 03:59:06,817 [INFO] 🟢 OK: [Others] Omroep Zeeland (1080P) (Selected 1 link)
2026-10-10 03:59:06,849 [INFO] 🟢 OK: [India] Zee Kannada News (720P) (Selected 1 link)
2026-10-10 03:59:06,961 [INFO] 🟢 OK: [Others] In | R Plus News (Selected 1 link)
2026-10-10 03:59:07,205 [INFO] 🟢 OK: [Bangladesh] 8Ntv (1080P) (Selected 1 link)
2026-10-10 03:59:07,681 [INFO] 🟢 OK: [Bangladesh] Emantv (1080P) (Selected 1 link)
2026-10-10 03:59:07,703 [INFO] 🟢 OK: [Others] Stream 155 (Selected 1 link)
2026-10-10 03:59:07,883 [INFO] 🟢 OK: [India] Zee Uttar Pradesh/Uttarakhand (720P) (Selected 1 link)
2026-10-10 03:59:08,244 [INFO] 🟢 OK: [Others] Stream 154 (Selected 1 link)
2026-10-10 03:59:08,313 [INFO] 🟢 OK: [India] News | Ndtv Hindi (Selected 1 link)
2026-10-10 03:59:08,324 [INFO] 🔴 DEAD: [Bangladesh] Ntv (1080P) (All links failed)
2026-10-10 03:59:08,383 [INFO] 🟢 OK: [Others] As3 Sport Tv (1080P) (Selected 1 link)
2026-10-10 03:59:08,487 [INFO] 🟢 OK: [Bangladesh] Fashiontv Paris L'Original (1080P) (Selected 1 link)
2026-10-10 03:59:08,987 [INFO] 🟢 OK: [Bangladesh] Intv Australia (720P) (Selected 1 link)
2026-10-10 03:59:09,049 [INFO] 🟢 OK: [Others] News | India Today (Selected 1 link)
2026-10-10 03:59:09,247 [INFO] 🟢 OK: [India] Rt News (En) (Selected 1 link)
2026-10-10 03:59:09,335 [INFO] 🔴 DEAD: [India] Republic Bangla (1080P) (All links failed)
2026-10-10 03:59:09,412 [INFO] 🟢 OK: [India] Rt News Usa (Selected 1 link)
2026-10-10 03:59:09,556 [INFO] 🟢 OK: [Others] Bollywood Masala (1080P) (Selected 1 link)
2026-10-10 03:59:09,647 [INFO] 🟢 OK: [Others] Bollywood 4U (1080P) (Selected 1 link)
2026-10-10 03:59:09,734 [INFO] 🟢 OK: [Others] Bollywood 4U (Selected 1 link)
2026-10-10 03:59:09,828 [INFO] 🟢 OK: [Bangladesh] Pontv (720P) (Selected 1 link)
2026-10-10 03:59:09,913 [INFO] 🟢 OK: [Others] Al Jazeera 2 (1080P) (Selected 1 link)
2026-10-10 03:59:09,948 [INFO] 🟢 OK: [Bangladesh] Ntv (720P) (Selected 1 link)
2026-10-10 03:59:10,132 [INFO] 🟢 OK: [Others] Echosports (720P) (Selected 1 link)
2026-10-10 03:59:10,158 [INFO] 🔴 DEAD: [Others] Fox Sports (720P) (All links failed)
2026-10-10 03:59:10,266 [INFO] 🟢 OK: [VOD / Movies] Test (Selected 1 link)
2026-10-10 03:59:10,365 [INFO] 🟢 OK: [Others] Al Jazeera Mubasher Broadcast 2 (1080P) (Selected 1 link)
2026-10-10 03:59:10,702 [INFO] 🔴 DEAD: [Others] M-Net Sport (720P) (All links failed)
2026-10-10 03:59:10,823 [INFO] 🟢 OK: [Others] Ftf Sports (720P) (Selected 1 link)
2026-10-10 03:59:11,080 [INFO] 🔴 DEAD: [Others] News | Aap Ki Adalat (All links failed)
2026-10-10 03:59:11,317 [INFO] 🟢 OK: [Others] Enterr 10 Bangla (720P) [Not 24/7] (Selected 1 link)
2026-10-10 03:59:11,382 [INFO] 🟢 OK: [India] Zee One (1080P) (Selected 1 link)
2026-10-10 03:59:11,385 [INFO] 🟢 OK: [Others] Čt Sport (720P) (Selected 1 link)
2026-10-10 03:59:11,464 [INFO] 🟢 OK: [Others] Tv9 Bangla (720P) (Selected 1 link)
2026-10-10 03:59:11,497 [INFO] 🟢 OK: [Others] Aci Sport Tv (1080P) (Selected 1 link)
2026-10-10 03:59:11,567 [INFO] 🔴 DEAD: [Others] Realitatea Sportiva (720P) (All links failed)
2026-10-10 03:59:11,598 [INFO] 🟢 OK: [Bangladesh] Cgntv Japan (1080P) (Selected 1 link)
2026-10-10 03:59:11,776 [INFO] 🟢 OK: [Others] Pk Sports (720P) (Selected 1 link)
2026-10-10 03:59:12,075 [INFO] 🟢 OK: [Others] Al Jazeera Mubasher (1080P) (Selected 1 link)
2026-10-10 03:59:12,103 [INFO] 🟢 OK: [Bangladesh] Cgntv Chinese (1080P) (Selected 1 link)
2026-10-10 03:59:12,150 [INFO] 🟢 OK: [Others] Shooting Sports Life (720P) (Selected 1 link)
2026-10-10 03:59:12,226 [INFO] 🟢 OK: [Others] Fubo Sports Network (1080P) (Selected 1 link)
2026-10-10 03:59:12,271 [INFO] 🔴 DEAD: [Others] Sports First (1080P) (All links failed)
2026-10-10 03:59:12,295 [INFO] 🔴 DEAD: [Bangladesh] San Marino Rtv Sport (720P) (All links failed)
2026-10-10 03:59:12,370 [INFO] 🔴 DEAD: [Others] Talksport (1080P) (All links failed)
2026-10-10 03:59:12,388 [INFO] 🟢 OK: [Others] Al Jazeera Mubasher 24 (1080P) (Selected 1 link)
2026-10-10 03:59:12,567 [INFO] 🟢 OK: [India] Zee News (Selected 1 link)
2026-10-10 03:59:12,637 [INFO] 🔴 DEAD: [Others] Al Jazeera English (1080P) (All links failed)
2026-10-10 03:59:12,686 [INFO] 🟢 OK: [India] Zee 24 Kalak (Selected 1 link)
2026-10-10 03:59:12,949 [INFO] 🟢 OK: [Others] Ktv Bangla (720P) (Selected 1 link)
2026-10-10 03:59:13,018 [INFO] 🔴 DEAD: [India] Amazon Sat (All links failed)
2026-10-10 03:59:13,044 [INFO] 🟢 OK: [Others] Willow Sports (1080P) (Selected 1 link)
2026-10-10 03:59:13,148 [INFO] 🟢 OK: [Bangladesh] Ntv Telugu (1080P) (Selected 1 link)
2026-10-10 03:59:13,180 [INFO] 🔴 DEAD: [Others] 460 Fubo Sports (All links failed)
2026-10-10 03:59:13,201 [INFO] 🟢 OK: [Others] Dd Sports Sd (1080P) (Selected 1 link)
2026-10-10 03:59:13,326 [INFO] 🟢 OK: [Others] Tvs Sports (720P) [Not 24/7] (Selected 1 link)
2026-10-10 03:59:13,343 [INFO] 🟢 OK: [Others] Bek Tv Sports West (720P) (Selected 1 link)
2026-10-10 03:59:13,452 [INFO] 🟢 OK: [Others] Tvs Sports Bureau (720P) (Selected 1 link)
2026-10-10 03:59:13,564 [INFO] 🟢 OK: [Others] Roku Sports Channel (1080P) (Selected 1 link)
2026-10-10 03:59:13,575 [INFO] 🟢 OK: [Others] Msg Sportszone (720P) (Selected 1 link)
2026-10-10 03:59:13,624 [INFO] 🟢 OK: [Others] Shooting Sports Life (1080P) (Selected 1 link)
2026-10-10 03:59:13,711 [INFO] 🔴 DEAD: [India] Zee Bharat (720P) (All links failed)
2026-10-10 03:59:13,721 [INFO] 🔴 DEAD: [Others] Cctv-5 (All links failed)
2026-10-10 03:59:13,746 [INFO] 🟢 OK: [Others] Swerve Sports (720P) (Selected 1 link)
2026-10-10 03:59:13,750 [INFO] 🔴 DEAD: [India] Zee Delhi Ncr Haryana (720P) (All links failed)
2026-10-10 03:59:13,755 [INFO] 🟢 OK: [Others] Tvs Women Sports (720P) (Selected 1 link)
2026-10-10 03:59:13,849 [INFO] 🟢 OK: [Others] Women'S Sports Network (1080P) (Selected 1 link)
2026-10-10 03:59:13,921 [INFO] 🔴 DEAD: [Bangladesh] Toffee 2 (All links failed)
2026-10-10 03:59:13,922 [INFO] 🟢 OK: [Others] Speed Sport 1 (1080P) (Selected 1 link)
2026-10-10 03:59:13,926 [INFO] 🔴 DEAD: [Others] Bein Sports Haber (720P) (All links failed)
2026-10-10 03:59:13,957 [INFO] 🔴 DEAD: [Bangladesh] Toffee 3 (All links failed)
2026-10-10 03:59:14,040 [INFO] 🔴 DEAD: [India] Zee Madhya Pradesh Chhattisgarh (720P) (All links failed)
2026-10-10 03:59:14,054 [INFO] 🔴 DEAD: [India] Zee Rajasthan (720P) (All links failed)
2026-10-10 03:59:14,128 [INFO] 🔴 DEAD: [Bangladesh] Toffee 1 (All links failed)
2026-10-10 03:59:14,286 [INFO] 🟢 OK: [Others] Real Madrid Tv Football (Selected 1 link)
2026-10-10 03:59:14,318 [INFO] 🔴 DEAD: [India] Zee Up Uk (All links failed)
2026-10-10 03:59:14,322 [INFO] 🟢 OK: [India] Zee Telugu News (720P) (Selected 1 link)
2026-10-10 03:59:14,398 [INFO] 🔴 DEAD: [India] Zee News Telugu (All links failed)
2026-10-10 03:59:14,406 [INFO] 🟢 OK: [Others] Redbull Tv (Selected 1 link)
2026-10-10 03:59:14,504 [INFO] 🟢 OK: [Others] Midpen Media Center Youth Education And Sports Channel 28 (720P) (Selected 1 link)
2026-10-10 03:59:14,648 [INFO] 🔴 DEAD: [India] Zee Punjab Haryana Himachal (720P) (All links failed)
2026-10-10 03:59:14,655 [INFO] 🟢 OK: [Others] Tyc Sports (1080P) (Selected 1 link)
2026-10-10 03:59:14,732 [INFO] 🟢 OK: [Others] Bahrain Sports 1 (720P) [Not 24/7] (Selected 1 link)
2026-10-10 03:59:14,733 [INFO] 🔴 DEAD: [Others] Iscreen Bd - Aq (All links failed)
2026-10-10 03:59:14,753 [INFO] 🟢 OK: [Others] Tom & Jarry (Selected 1 link)
2026-10-10 03:59:14,756 [INFO] 🔴 DEAD: [Others] Al Resalah (All links failed)
2026-10-10 03:59:14,912 [INFO] 🔴 DEAD: [Others] Bollywood Hd Russia (576P) (All links failed)
2026-10-10 03:59:14,938 [INFO] 🟢 OK: [Bangladesh] Ntv Vitrina (720P) (Selected 1 link)
2026-10-10 03:59:14,941 [INFO] 🟢 OK: [Others] Bahrain Sports 2 (720P) [Not 24/7] (Selected 1 link)
2026-10-10 03:59:14,943 [INFO] 🟢 OK: [Others] Wion News (Selected 1 link)
2026-10-10 03:59:14,993 [INFO] 🟢 OK: [Others] Yahoo! Sports Network (1080P) (Selected 1 link)
2026-10-10 03:59:15,007 [INFO] 🟢 OK: [Others] Bbc Cbeebies (Selected 1 link)
2026-10-10 03:59:15,016 [INFO] 🔴 DEAD: [India] Zee Salaam (All links failed)
2026-10-10 03:59:15,183 [INFO] 🔴 DEAD: [Others] Redio Today (All links failed)
2026-10-10 03:59:15,237 [INFO] 🔴 DEAD: [Others] Fox Sports Hd (All links failed)
2026-10-10 03:59:15,278 [INFO] 🔴 DEAD: [Others] Redio Shadin (All links failed)
2026-10-10 03:59:15,280 [INFO] 🟢 OK: [Others] Africa 24 Sport (1080P) (Selected 1 link)
2026-10-10 03:59:15,299 [INFO] 🔴 DEAD: [Others] Radio Retro Bollywood (All links failed)
2026-10-10 03:59:15,306 [INFO] 🔴 DEAD: [Others] 4K Hd Tv (All links failed)
2026-10-10 03:59:15,413 [INFO] 🟢 OK: [Others] Sportsgrid (720P) (Selected 1 link)
2026-10-10 03:59:15,425 [INFO] 🔴 DEAD: [Others] Radio Today (89.6) (All links failed)
2026-10-10 03:59:15,457 [INFO] 🟢 OK: [Others] Cnn (Us) (Selected 1 link)
2026-10-10 03:59:15,482 [INFO] 🟢 OK: [Others] Cna News (Selected 1 link)
2026-10-10 03:59:15,542 [INFO] 🔴 DEAD: [Others] Radio Bolly Fm (All links failed)
2026-10-10 03:59:15,558 [INFO] 🔴 DEAD: [Others] Radio Foorti (All links failed)
2026-10-10 03:59:15,641 [INFO] 🔴 DEAD: [Others] Radio Wow (All links failed)
2026-10-10 03:59:15,774 [INFO] 🟢 OK: [Others] Bangladesh Betar (Selected 1 link)
2026-10-10 03:59:15,818 [INFO] 🔴 DEAD: [Others] Fox News (Au) 🛜 (All links failed)
2026-10-10 03:59:15,890 [INFO] 🟢 OK: [Channels] Kolkata Tv (Selected 1 link)
2026-10-10 03:59:16,054 [INFO] 🔴 DEAD: [Others] Adventure Sports Tv (All links failed)
2026-10-10 03:59:16,066 [INFO] 🔴 DEAD: [Channels] Wild Tv (All links failed)
2026-10-10 03:59:16,072 [INFO] 🟢 OK: [Others] Oman Sports Tv (1080P) [Not 24/7] (Selected 1 link)
2026-10-10 03:59:16,086 [INFO] 🟢 OK: [Others] Dazn Fast (Selected 1 link)
2026-10-10 03:59:16,144 [INFO] 🟢 OK: [News] Oan (Selected 1 link)
2026-10-10 03:59:16,164 [INFO] 🔴 DEAD: [Channels] Cmac Tv (All links failed)
2026-10-10 03:59:16,298 [INFO] 🟢 OK: [[Gen] General] Cgtn (Selected 1 link)
2026-10-10 03:59:16,761 [INFO] 🔴 DEAD: [Others] Animal_Planet_Hd (All links failed)
2026-10-10 03:59:16,846 [INFO] 🟢 OK: [Others] Trace Sport Stars Russia (720P) (Selected 1 link)
2026-10-10 03:59:16,887 [INFO] 🟢 OK: [Others] Sport Fishing Tv (1080P) (Selected 1 link)
2026-10-10 03:59:16,973 [INFO] 🟢 OK: [Others] Willow Extra Live (Selected 1 link)
2026-10-10 03:59:17,224 [INFO] 🟢 OK: [Others] Noor Tv (Selected 1 link)
2026-10-10 03:59:17,290 [INFO] 🟢 OK: [Kids] Dios Te Ve Kids (Selected 1 link)
2026-10-10 03:59:17,303 [INFO] 🟢 OK: [Others] Wild Life (Selected 1 link)
2026-10-10 03:59:17,344 [INFO] 🟢 OK: [Others] Ktv Sport (1080P) (Selected 1 link)
2026-10-10 03:59:17,419 [INFO] 🔴 DEAD: [Others] News18 Bangla (1080P) (All links failed)
2026-10-10 03:59:17,495 [INFO] 🔴 DEAD: [Sports] Azan Tv (All links failed)
2026-10-10 03:59:17,542 [INFO] 🟢 OK: [Others] Trace Sport Stars (1080P) (Selected 1 link)
2026-10-10 03:59:17,597 [INFO] 🟢 OK: [Kids] Tvcarib Kids & Teens (Selected 1 link)
2026-10-10 03:59:17,672 [INFO] 🟢 OK: [Others] Ktv Sport Plus (1080P) (Selected 1 link)
2026-10-10 03:59:17,704 [INFO] 🟢 OK: [Others] World Of Freesports (1080P) (Selected 1 link)
2026-10-10 03:59:17,720 [INFO] 🟢 OK: [Others] Sochi 24 Hd 🇷🇺 (Selected 1 link)
2026-10-10 03:59:17,728 [INFO] 🟢 OK: [Channels] Goal Tv (Selected 1 link)
2026-10-10 03:59:17,903 [INFO] 🟢 OK: [India] Zee Business (Selected 1 link)
2026-10-10 03:59:17,972 [INFO] 🟢 OK: [Channels] Intravel (Selected 1 link)
2026-10-10 03:59:17,989 [INFO] 🟢 OK: [Others] Mnb Sport (1080P) (Selected 1 link)
2026-10-10 03:59:18,059 [INFO] 🟢 OK: [Sports] Live Sports (Selected 1 link)
2026-10-10 03:59:18,122 [INFO] 🟢 OK: [Channels] Persiana Travel (Selected 1 link)
2026-10-10 03:59:18,251 [INFO] 🟢 OK: [Others] Xtrem Sports (1080P) (Selected 1 link)
2026-10-10 03:59:18,327 [INFO] 🔴 DEAD: [Bangladesh] Ontv (1080P) (All links failed)
2026-10-10 03:59:18,388 [INFO] 🔴 DEAD: [Sports]  (All links failed)
2026-10-10 03:59:18,389 [INFO] 🟢 OK: [India] Awaaz India (Selected 1 link)
2026-10-10 03:59:18,448 [INFO] 🔴 DEAD: [Unknown] Epic (All links failed)
2026-10-10 03:59:18,482 [INFO] 🟢 OK: [Others] Sportitalia (1080P) (Selected 1 link)
2026-10-10 03:59:18,491 [INFO] 🟢 OK: [Documentary] Adventure Earth (Selected 1 link)
2026-10-10 03:59:18,602 [INFO] 🟢 OK: [Music] Lovedoes (Selected 1 link)
2026-10-10 03:59:18,605 [INFO] 🟢 OK: [Bangladesh] Jankhar Tv (Selected 1 link)
2026-10-10 03:59:18,685 [INFO] 🟢 OK: [India] Pardesi Tv (Selected 1 link)
2026-10-10 03:59:18,800 [INFO] 🟢 OK: [Latest] Saudia Radio (Selected 1 link)
2026-10-10 03:59:18,840 [INFO] 🟢 OK: [Unknown] Trt 1 (Selected 1 link)
2026-10-10 03:59:18,887 [INFO] 🟢 OK: [Radio] Radio Bbc (Selected 1 link)
2026-10-10 03:59:18,930 [INFO] 🟢 OK: [Unknown] Fox News (Selected 1 link)
2026-10-10 03:59:19,036 [INFO] 🟢 OK: [News] France 24 (Selected 1 link)
2026-10-10 03:59:19,050 [INFO] 🟢 OK: [English] Court Tv (Selected 1 link)
2026-10-10 03:59:19,088 [INFO] 🟢 OK: [News] Cgtn News (Selected 1 link)
2026-10-10 03:59:19,170 [INFO] 🔴 DEAD: [Sports] Asports (All links failed)
2026-10-10 03:59:19,372 [INFO] 🔴 DEAD: [English] Weather Channel (All links failed)
2026-10-10 03:59:19,412 [INFO] 🟢 OK: [Sports] Horse& Country (Selected 1 link)
2026-10-10 03:59:19,417 [INFO] 🔴 DEAD: [Fm-Radio] Big Fm (All links failed)
2026-10-10 03:59:19,422 [INFO] 🟢 OK: [India] Rtl9 Hd (Selected 1 link)
2026-10-10 03:59:19,488 [INFO] 🟢 OK: [English] Afroturk Tv (Selected 1 link)
2026-10-10 03:59:19,517 [INFO] 🟢 OK: [Others] Breaking News (Selected 1 link)
2026-10-10 03:59:19,620 [INFO] 🔴 DEAD: [Others] Esport3 (1080P) [Not 24/7] (All links failed)
2026-10-10 03:59:19,681 [INFO] 🔴 DEAD: [Fm-Radio] Radio City (All links failed)
2026-10-10 03:59:19,751 [INFO] 🟢 OK: [Others] Super Hungama (Selected 1 link)
2026-10-10 03:59:19,792 [INFO] 🟢 OK: [India] Nat Geo Hd (Selected 1 link)
2026-10-10 03:59:19,847 [INFO] 🟢 OK: [Fm-Radio] Radio Goongoon (Selected 1 link)
2026-10-10 03:59:19,886 [INFO] 🔴 DEAD: [Religious] Iqraa 2 (All links failed)
2026-10-10 03:59:19,902 [INFO] 🔴 DEAD: [Sports] Ufc Tv (All links failed)
2026-10-10 03:59:19,948 [INFO] 🟢 OK: [Others] Win Sports (1080P) (Selected 1 link)
2026-10-10 03:59:20,118 [INFO] 🟢 OK: [Sports] Telemundo Deportes (Selected 1 link)
2026-10-10 03:59:20,273 [INFO] 🟢 OK: [Religious] Ilm Tv (Selected 1 link)
2026-10-10 03:59:20,334 [INFO] 🔴 DEAD: [News] Channel 24 Pk (All links failed)
2026-10-10 03:59:20,350 [INFO] 🟢 OK: [India] Ndtv 24X7 (Selected 1 link)
2026-10-10 03:59:20,387 [INFO] 🟢 OK: [Channels] World War Tv (Selected 1 link)
2026-10-10 03:59:20,456 [INFO] 🟢 OK: [Others] More Than Sports Tv (1080P) (Selected 1 link)
2026-10-10 03:59:20,513 [INFO] 🟢 OK: [Fm-Radio] Width-1200,Height-900,Resizemode-4,Imgsize-42753/Radio-Mirchi-Agencies.Jpg",Radio Mirchi (Selected 1 link)
2026-10-10 03:59:20,693 [INFO] 🔴 DEAD: [India] Rtnews Global (All links failed)
2026-10-10 03:59:20,740 [INFO] 🟢 OK: [News] Bek Tv News (Selected 1 link)
2026-10-10 03:59:20,795 [INFO] 🟢 OK: [Channels] 4K Travel Tv (Selected 1 link)
2026-10-10 03:59:20,881 [INFO] 🟢 OK: [Sports] Realmadrid Tv (Selected 1 link)
2026-10-10 03:59:20,994 [INFO] 🟢 OK: [India] Tf1 Hd (Selected 1 link)
2026-10-10 03:59:21,004 [INFO] 🔴 DEAD: [Kids] Cartoon Network Uk (All links failed)
2026-10-10 03:59:21,108 [INFO] 🟢 OK: [Bangladesh] News18 Bangla News (Selected 1 link)
2026-10-10 03:59:21,223 [INFO] 🟢 OK: [Fm-Radio] Radio Bangla Net (Selected 1 link)
2026-10-10 03:59:21,313 [INFO] 🟢 OK: [Others] Sportivnyy (1080P) (Selected 1 link)
2026-10-10 03:59:21,319 [INFO] 🟢 OK: [Anime] Loading Hd (Selected 1 link)
2026-10-10 03:59:21,352 [INFO] 🟢 OK: [Sports] Live Sports-4 (Selected 1 link)
2026-10-10 03:59:21,480 [INFO] 🔴 DEAD: [Bangladesh] Ntv Uk (All links failed)
2026-10-10 03:59:21,527 [INFO] 🟢 OK: [Channels] Aakaash Bangla Tv (Selected 1 link)
2026-10-10 03:59:21,531 [INFO] 🟢 OK: [Unknown] Makka Tv (Selected 1 link)
2026-10-10 03:59:21,768 [INFO] 🟢 OK: [Religious] Ary Qtv (Selected 1 link)
2026-10-10 03:59:21,785 [INFO] 🔴 DEAD: [⚽ Fifa Special] Fifa Special 4K Stream 2 (All links failed)
2026-10-10 03:59:21,821 [INFO] 🔴 DEAD: [⚽ Fifa Special] England Vs New Zealand 2026 (All links failed)
2026-10-10 03:59:21,885 [INFO] 🟢 OK: [Education] English Club (Selected 1 link)
2026-10-10 03:59:22,117 [INFO] 🟢 OK: [Anime] Amc Anime (Selected 1 link)
2026-10-10 03:59:22,212 [INFO] 🟢 OK: [Bangladesh] Cbn Tv Usa (Selected 1 link)
2026-10-10 03:59:22,368 [INFO] 🟢 OK: [Weather] Discover Pikstan (Selected 1 link)
2026-10-10 03:59:22,917 [INFO] 🟢 OK: [Sports] Fubo Sports (Selected 1 link)
2026-10-10 03:59:23,006 [INFO] 🟢 OK: [Religious] Deen Tv (Selected 1 link)
2026-10-10 03:59:23,106 [INFO] 🔴 DEAD: [India] Republic Bharat (All links failed)
2026-10-10 03:59:23,162 [INFO] 🔴 DEAD: [Documentary & Wildlife] Tlc (All links failed)
2026-10-10 03:59:23,365 [INFO] 🟢 OK: [Kids] Mr. Bean (Selected 1 link)
2026-10-10 03:59:23,442 [INFO] 🟢 OK: [Sports] Xtream Sports (Selected 1 link)
2026-10-10 03:59:23,552 [INFO] 🟢 OK: [Wildlife] Bbc Earth (Selected 1 link)
2026-10-10 03:59:23,618 [INFO] 🔴 DEAD: [Others] Астрахань.Ru Sport (720P) (All links failed)
2026-10-10 03:59:24,097 [INFO] 🔴 DEAD: [Others] Tipik Fr - Aq (All links failed)
2026-10-10 03:59:24,109 [INFO] 🔴 DEAD: [Others] Mnx Hd (All links failed)
2026-10-10 03:59:24,293 [INFO] 🟢 OK: [Sports] Bloomberg Tv (Selected 1 link)
2026-10-10 03:59:24,341 [INFO] 🟢 OK: [English] Cnbc Tv (Selected 1 link)
2026-10-10 03:59:24,407 [INFO] 🔴 DEAD: [Others] Mn+ (All links failed)
2026-10-10 03:59:24,412 [INFO] 🔴 DEAD: [India] Sony Tv (All links failed)
2026-10-10 03:59:24,449 [INFO] 🟢 OK: [Kids] Moonbug Kids (Selected 1 link)
2026-10-10 03:59:24,540 [INFO] 🟢 OK: [English] Rds Social Tv (Selected 1 link)
2026-10-10 03:59:24,699 [INFO] 🔴 DEAD: [⚽ Fifa Special] Fifa+ Stream 1 (All links failed)
2026-10-10 03:59:24,723 [INFO] 🟢 OK: [Sports] Sports Grid (Selected 1 link)
2026-10-10 03:59:24,728 [INFO] 🟢 OK: [News] Cnn (Selected 1 link)
2026-10-10 03:59:24,874 [INFO] 🟢 OK: [Kids] Srk Tv (Selected 1 link)
2026-10-10 03:59:24,907 [INFO] 🟢 OK: [India] Telugu One (Selected 1 link)
2026-10-10 03:59:24,992 [INFO] 🔴 DEAD: [India] 9X Jalwa Hd (All links failed)
2026-10-10 03:59:25,060 [INFO] 🟢 OK: [Sports] Marquee Sports Network (Selected 1 link)
2026-10-10 03:59:25,152 [INFO] 🟢 OK: [Kids] 3Abn Kids (Selected 1 link)
2026-10-10 03:59:25,186 [INFO] 🟢 OK: [Movies] Scifi World (Selected 1 link)
2026-10-10 03:59:25,442 [INFO] 🔴 DEAD: [Others] E4 (All links failed)
2026-10-10 03:59:25,465 [INFO] 🟢 OK: [Bangladesh] Ekusey Tv (Selected 1 link)
2026-10-10 03:59:25,533 [INFO] 🟢 OK: [India] Stingray The Spa (Selected 1 link)
2026-10-10 03:59:25,557 [INFO] 🔴 DEAD: [Others] 4Seven (All links failed)
2026-10-10 03:59:25,572 [INFO] 🔴 DEAD: [Others] Channel 4 (All links failed)
2026-10-10 03:59:25,576 [INFO] 🔴 DEAD: [Others] More4 (All links failed)
2026-10-10 03:59:25,580 [INFO] 🟢 OK: [India] Stingray Naturescape (Selected 1 link)
2026-10-10 03:59:25,751 [INFO] 🟢 OK: [India] Balleballe Tv (Selected 1 link)
2026-10-10 03:59:25,796 [INFO] 🔴 DEAD: [Others] 4 Film (All links failed)
2026-10-10 03:59:25,853 [INFO] 🔴 DEAD: [India] Amarujala (All links failed)
2026-10-10 03:59:25,875 [INFO] 🟢 OK: [Bangladesh] Thikana Tv (Selected 1 link)
2026-10-10 03:59:25,891 [INFO] 🔴 DEAD: [Others] History Hd (All links failed)
2026-10-10 03:59:25,893 [INFO] 📊 Progress: Checked 1000 / 1279 Channels
2026-10-10 03:59:25,990 [INFO] 🟢 OK: [Sports] Red Bull Tv (Selected 1 link)
2026-10-10 03:59:26,022 [INFO] 🟢 OK: [Lifestyle] Hum Masala (Selected 1 link)
2026-10-10 03:59:26,063 [INFO] 🟢 OK: [Religious] Madani Channel (Selected 1 link)
2026-10-10 03:59:26,293 [INFO] 🟢 OK: [Movies] Mix Tv (Selected 1 link)
2026-10-10 03:59:26,564 [INFO] 🟢 OK: [India] Histoire Hd (Selected 1 link)
2026-10-10 03:59:26,891 [INFO] 🟢 OK: [India] Chardikla Time Tv Na (Selected 1 link)
2026-10-10 03:59:26,910 [INFO] 🟢 OK: [India] Chardikla Gurbaani Tv (Selected 1 link)
2026-10-10 03:59:26,921 [INFO] 🟢 OK: [India] Chardikla Time Tv (Selected 1 link)
2026-10-10 03:59:26,970 [INFO] 🟢 OK: [India] Young Bollywood (Selected 1 link)
2026-10-10 03:59:27,241 [INFO] 🟢 OK: [Sports] Tyc Sports (Selected 1 link)
2026-10-10 03:59:27,831 [INFO] 🟢 OK: [India] Dd News Hd (Selected 1 link)
2026-10-10 03:59:27,832 [INFO] 🟢 OK: [India] Dd India (Selected 1 link)
2026-10-10 03:59:27,942 [INFO] 🟢 OK: [India] Dd Tamil (Selected 1 link)
2026-10-10 03:59:28,295 [INFO] 🔴 DEAD: [Channels] Tbs (All links failed)
2026-10-10 03:59:28,416 [INFO] 🟢 OK: [India] Ndtv Profit (Selected 1 link)
2026-10-10 03:59:28,752 [INFO] 🟢 OK: [India] Etv Josh (Selected 1 link)
2026-10-10 03:59:29,010 [INFO] 🟢 OK: [India] Ptc Punjabi Gold (Selected 1 link)
2026-10-10 03:59:29,307 [INFO] 🟢 OK: [India] Etv Comedy (Selected 1 link)
2026-10-10 03:59:29,584 [INFO] 🟢 OK: [News] Ary News (Selected 1 link)
2026-10-10 03:59:29,760 [INFO] 🟢 OK: [India] Republic Tv (Selected 1 link)
2026-10-10 03:59:29,844 [INFO] 🟢 OK: [India] Roja Tv (Selected 1 link)
2026-10-10 03:59:29,853 [INFO] 🟢 OK: [India] Gangaur Tv (Selected 1 link)
2026-10-10 03:59:30,081 [INFO] 🟢 OK: [India] Suriya Tv (Selected 1 link)
2026-10-10 03:59:30,216 [INFO] 🔴 DEAD: [Sports] Ten Cricket (All links failed)
2026-10-10 03:59:30,378 [INFO] 🔴 DEAD: [India] History Tv18 Hd (All links failed)
2026-10-10 03:59:30,507 [INFO] 🟢 OK: [India] Sansad Tv 2 (Selected 1 link)
2026-10-10 03:59:30,511 [INFO] 🟢 OK: [India] Subin Tv (Selected 1 link)
2026-10-10 03:59:30,533 [INFO] 🟢 OK: [India] Sansad Tv 1 Hd (Selected 1 link)
2026-10-10 03:59:30,718 [INFO] 🟢 OK: [India] Etv News (Selected 1 link)
2026-10-10 03:59:30,795 [INFO] 🟢 OK: [India] Guarantee News (Selected 1 link)
2026-10-10 03:59:31,020 [INFO] 🔴 DEAD: [India] Zee Cinema India (All links failed)
2026-10-10 03:59:31,602 [INFO] 🟢 OK: [India] Akd Calcutta News (Selected 1 link)
2026-10-10 03:59:31,607 [INFO] 🟢 OK: [India] Ctvn Akd Plus (Selected 1 link)
2026-10-10 03:59:31,683 [INFO] 🟢 OK: [India] Abp News (Selected 1 link)
2026-10-10 03:59:31,753 [INFO] 🔴 DEAD: [Scientific] History Tv18 Hindi (All links failed)
2026-10-10 03:59:31,957 [INFO] 🔴 DEAD: [[Gen] General] Shekinah Tv (All links failed)
2026-10-10 03:59:32,387 [INFO] 🟢 OK: [India] Metro Tv (Selected 1 link)
2026-10-10 03:59:32,608 [INFO] 🟢 OK: [India] Global Punjab (Selected 1 link)
2026-10-10 03:59:32,747 [INFO] 🟢 OK: [India] Abp Asmita (Selected 1 link)
2026-10-10 03:59:32,895 [INFO] 🔴 DEAD: [India] Bharat24 (All links failed)
2026-10-10 03:59:33,373 [INFO] 🟢 OK: [[Gen] General] Pravasi Channel (Selected 1 link)
2026-10-10 03:59:33,507 [INFO] 🟢 OK: [India] News9Live (Selected 1 link)
2026-10-10 03:59:33,613 [INFO] 🟢 OK: [India] Abp Ganga (Selected 1 link)
2026-10-10 03:59:33,832 [INFO] 🟢 OK: [India] Asianet Suvarna News (Selected 1 link)
2026-10-10 03:59:33,962 [INFO] 🟢 OK: [[Gen] General] Wild Earth (Selected 1 link)
2026-10-10 03:59:34,312 [INFO] 🟢 OK: [India] Times Now Navbharat (Selected 1 link)
2026-10-10 03:59:34,745 [INFO] 🔴 DEAD: [[Gen] General] Fashion Tv (All links failed)
2026-10-10 03:59:34,790 [INFO] 🟢 OK: [[Gen] General] Tamilan Tv (Selected 1 link)
2026-10-10 03:59:35,078 [INFO] 🔴 DEAD: [India] Gtc Punjabi (All links failed)
2026-10-10 03:59:35,201 [INFO] 🟢 OK: [[Gen] General] Yahoo News (Selected 1 link)
2026-10-10 03:59:35,250 [INFO] 🟢 OK: [India] Abp Ananda (Selected 1 link)
2026-10-10 03:59:35,341 [INFO] 🟢 OK: [[Gen] General] Discover Pakistan Tv (Selected 1 link)
2026-10-10 03:59:35,357 [INFO] 🔴 DEAD: [India] Nkr Tv Kannada (All links failed)
2026-10-10 03:59:35,471 [INFO] 🟢 OK: [[Gen] General] Cna (Selected 1 link)
2026-10-10 03:59:35,558 [INFO] 🔴 DEAD: [India] Sansad Tv 1 (All links failed)
2026-10-10 03:59:35,895 [INFO] 🟢 OK: [[Gen] General] Infast Lifestyle (Selected 1 link)
2026-10-10 03:59:36,002 [INFO] 🟢 OK: [India] Samay Kolkata (Selected 1 link)
2026-10-10 03:59:36,022 [INFO] 🟢 OK: [India] Sudarshan News (Selected 1 link)
2026-10-10 03:59:36,083 [INFO] 🟢 OK: [India] Prime9 News (Selected 1 link)
2026-10-10 03:59:36,207 [INFO] 🔴 DEAD: [India] India Daily Live (All links failed)
2026-10-10 03:59:36,211 [INFO] 🟢 OK: [India] Rozana Spokesman (Selected 1 link)
2026-10-10 03:59:36,307 [INFO] 🔴 DEAD: [India] Cnn News 18 (All links failed)
2026-10-10 03:59:36,341 [INFO] 🔴 DEAD: [India] Ndtv Marathi (All links failed)
2026-10-10 03:59:36,385 [INFO] 🔴 DEAD: [India] Ndtv Mp Chhattisgarh (All links failed)
2026-10-10 03:59:36,385 [INFO] 🔴 DEAD: [India] Ndtv Rajasthan (All links failed)
2026-10-10 03:59:36,785 [INFO] 🟢 OK: [India] Swatantra Tv (Selected 1 link)
2026-10-10 03:59:36,826 [INFO] 🟢 OK: [[Gen] General] God Tv (Selected 1 link)
2026-10-10 03:59:36,922 [INFO] 🟢 OK: [Others] Cgtn Docment (Selected 1 link)
2026-10-10 03:59:37,059 [INFO] 🔴 DEAD: [India] Living India News (All links failed)
2026-10-10 03:59:37,237 [INFO] 🔴 DEAD: [India] News18 India (All links failed)
2026-10-10 03:59:37,288 [INFO] 🔴 DEAD: [Bangladesh] Metv (All links failed)
2026-10-10 03:59:37,289 [INFO] 🟢 OK: [[Gen] General] Arirang Tv (Selected 1 link)
2026-10-10 03:59:37,574 [INFO] 🔴 DEAD: [India] News18 Bihar Jharkhand (All links failed)
2026-10-10 03:59:37,608 [INFO] 🔴 DEAD: [India] News18 Assam Ne (All links failed)
2026-10-10 03:59:37,627 [INFO] 🟢 OK: [[Gen] General] Inwild (Selected 1 link)
2026-10-10 03:59:37,635 [INFO] 🟢 OK: [[Gen] General] Svbc Sri Venkateswara (Selected 1 link)
2026-10-10 03:59:37,658 [INFO] 🔴 DEAD: [India] News18 Delhi Ncr Jk (All links failed)
2026-10-10 03:59:37,721 [INFO] 🔴 DEAD: [Sports] Sports First Tv (All links failed)
2026-10-10 03:59:38,035 [INFO] 🟢 OK: [[Gen] General] Tv Brics English (Selected 1 link)
2026-10-10 03:59:38,213 [INFO] 🟢 OK: [[Gen] General] Svbc 4 (Selected 1 link)
2026-10-10 03:59:38,289 [INFO] 🟢 OK: [[Gen] General] Svbc 2 (Selected 1 link)
2026-10-10 03:59:38,323 [INFO] 🔴 DEAD: [India] News18 Gujarati (All links failed)
2026-10-10 03:59:38,442 [INFO] 🟢 OK: [[Gen] General] Inwonder (Selected 1 link)
2026-10-10 03:59:38,506 [INFO] 🔴 DEAD: [India] News18 Kannada (All links failed)
2026-10-10 03:59:38,582 [INFO] 🔴 DEAD: [India] News18 Mp Chhattisgarh (All links failed)
2026-10-10 03:59:38,611 [INFO] 🔴 DEAD: [India] News18 Kerala (All links failed)
2026-10-10 03:59:38,706 [INFO] 🟢 OK: [India] Enterr10Bangla (Selected 1 link)
2026-10-10 03:59:38,902 [INFO] 🟢 OK: [[Gen] General] Salvation Tv (Selected 1 link)
2026-10-10 03:59:39,107 [INFO] 🔴 DEAD: [India] Sony 8 (All links failed)
2026-10-10 03:59:39,108 [INFO] 🔴 DEAD: [India] Sony Sab (All links failed)
2026-10-10 03:59:39,117 [INFO] 🔴 DEAD: [India] Sony Entertainment (All links failed)
2026-10-10 03:59:39,128 [INFO] 🔴 DEAD: [Movies] & Pictures Hd (All links failed)
2026-10-10 03:59:39,141 [INFO] 🔴 DEAD: [India] News18 Marathi (All links failed)
2026-10-10 03:59:39,199 [INFO] 🔴 DEAD: [India] News18 Rajasthan (All links failed)
2026-10-10 03:59:39,233 [INFO] 🔴 DEAD: [English] Bravo (All links failed)
2026-10-10 03:59:39,249 [INFO] 🔴 DEAD: [Bangladesh] Channel 24 Hd (All links failed)
2026-10-10 03:59:39,274 [INFO] 🔴 DEAD: [English] Comedy Central (All links failed)
2026-10-10 03:59:39,349 [INFO] 🔴 DEAD: [English] Cooking Tv (All links failed)
2026-10-10 03:59:39,380 [INFO] 🔴 DEAD: [English] Epix Tv (All links failed)
2026-10-10 03:59:39,433 [INFO] 🔴 DEAD: [India] News18 Punjab Haryana Hp (All links failed)
2026-10-10 03:59:39,477 [INFO] 🔴 DEAD: [English] Fx Tv (All links failed)
2026-10-10 03:59:39,687 [INFO] 🔴 DEAD: [Kids] Disney Jr (All links failed)
2026-10-10 03:59:39,775 [INFO] 🔴 DEAD: [India] News18 Tamil Nadu (All links failed)
2026-10-10 03:59:39,876 [INFO] 🔴 DEAD: [English] Laff Tv (All links failed)
2026-10-10 03:59:39,878 [INFO] 🔴 DEAD: [English] Hbo 2 (All links failed)
2026-10-10 03:59:39,887 [INFO] 🔴 DEAD: [English] Life Time (All links failed)
2026-10-10 03:59:39,907 [INFO] 🔴 DEAD: [English] Syfy Tv (All links failed)
2026-10-10 03:59:39,925 [INFO] 🟢 OK: [[Gen] General] Fateh Tv (Selected 1 link)
2026-10-10 03:59:39,941 [INFO] 🔴 DEAD: [Kids] Disney Channel (All links failed)
2026-10-10 03:59:39,980 [INFO] 🔴 DEAD: [India] Shemaroo Tv (All links failed)
2026-10-10 03:59:39,987 [INFO] 🔴 DEAD: [India] News18 Odia (All links failed)
2026-10-10 03:59:40,006 [INFO] 🔴 DEAD: [India] Tp | Series (All links failed)
2026-10-10 03:59:40,130 [INFO] 🔴 DEAD: [Kids] Teen Nick (All links failed)
2026-10-10 03:59:40,137 [INFO] 🔴 DEAD: [India] Khushboo (All links failed)
2026-10-10 03:59:40,161 [INFO] 🔴 DEAD: [Religious] Eman Channel (All links failed)
2026-10-10 03:59:40,273 [INFO] 🟢 OK: [[Gen] General] Sanskar Web Tv (Selected 1 link)
2026-10-10 03:59:40,286 [INFO] 🔴 DEAD: [India] News18 Urdu (All links failed)
2026-10-10 03:59:40,409 [INFO] 🔴 DEAD: [Bangladesh] Tbn 24 (All links failed)
2026-10-10 03:59:40,536 [INFO] 🔴 DEAD: [Kids] Nickelodeon (All links failed)
2026-10-10 03:59:40,608 [INFO] 🟢 OK: [[Gen] General] Hebron Tv (Selected 1 link)
2026-10-10 03:59:40,643 [INFO] 🔴 DEAD: [Religious] Channel Win (All links failed)
2026-10-10 03:59:40,661 [INFO] 🔴 DEAD: [India] News18 Up Uttarakhand (All links failed)
2026-10-10 03:59:40,687 [INFO] 🟢 OK: [[Gen] General] Pmc Telugu (Selected 1 link)
2026-10-10 03:59:40,921 [INFO] 🟢 OK: [India] Sananda (Selected 1 link)
2026-10-10 03:59:40,973 [INFO] 🟢 OK: [Religious] Live Quran Tv (Selected 1 link)
2026-10-10 03:59:40,987 [INFO] 🟢 OK: [India] Cnbc Awaaz (Selected 1 link)
2026-10-10 03:59:41,007 [INFO] 🔴 DEAD: [Drama] And Tv Hd (All links failed)
2026-10-10 03:59:41,011 [INFO] 🔴 DEAD: [India] Colors Bangla Cinema (All links failed)
2026-10-10 03:59:41,045 [INFO] 🔴 DEAD: [Documentary] W_300,Q_85/Ks6X-Jqbv9Knk3Ahwdzy/Posters/6594D216-Aaca-4Eee-B6F5-Bbc6B80Feb15.Webp" Group-Title="Documentary",Discovery Bangla 2 (All links failed)
2026-10-10 03:59:41,160 [INFO] 🟢 OK: [[Gen] General] Shalom Tv (Selected 1 link)
2026-10-10 03:59:41,198 [INFO] 🔴 DEAD: [India] Cnbc Tv18 (All links failed)
2026-10-10 03:59:41,257 [INFO] 🔴 DEAD: [India] Sony Aath Hd (All links failed)
2026-10-10 03:59:41,326 [INFO] 🟢 OK: [Bangladesh] News21 Bangla (Selected 1 link)
2026-10-10 03:59:41,346 [INFO] 🔴 DEAD: [India] Cnbc Tv18 Prime Hd (All links failed)
2026-10-10 03:59:41,466 [INFO] 🔴 DEAD: [Documentary] W_300,Q_85/Ks6X-Jqbv9Knk3Ahwdzy/Posters/6594D216-Aaca-4Eee-B6F5-Bbc6B80Feb15.Webp" Group-Title="Documentary",Discovery (All links failed)
2026-10-10 03:59:41,468 [INFO] 🔴 DEAD: [Documentary] National Geography Hd (All links failed)
2026-10-10 03:59:41,496 [INFO] 🔴 DEAD: [India] Cnbc Bajar (All links failed)
2026-10-10 03:59:41,502 [INFO] 🔴 DEAD: [India] W_300,Q_85/Kk2Ax5Ubrjbfs2_Rbckf/Posters/Ba5Dd8Dc-4F87-414A-B57F-C9Ecdeda5253.Png" Group-Title="Indian Bangla",Zee Bangla Hd (All links failed)
2026-10-10 03:59:41,540 [INFO] 🔴 DEAD: [Documentary] W_300,Q_85/Ks6X-Jqbv9Knk3Ahwdzy/Posters/6594D216-Aaca-4Eee-B6F5-Bbc6B80Feb15.Webp" Group-Title="Documentary",Discovery Bangla (All links failed)
2026-10-10 03:59:41,729 [INFO] 🟢 OK: [[Gen] General] Mercy Tv (Selected 1 link)
2026-10-10 03:59:41,763 [INFO] 🔴 DEAD: [[Gen] General] Shubh Tv (All links failed)
2026-10-10 03:59:41,817 [INFO] 🟢 OK: [Channels] 4K Travel (Selected 1 link)
2026-10-10 03:59:41,920 [INFO] 🔴 DEAD: [VOD / Movies] W_300,Q_85/Ay52-Jqbv9Knk3Ahfdwt/Posters/00Afb30B-3C19-4C4C-Abd8-891Db94E4767.Webp" Group-Title="Hindi Movie", Sony Max (All links failed)
2026-10-10 03:59:42,006 [INFO] 🔴 DEAD: [VOD / Movies] Zee Anmol Cinema (All links failed)
2026-10-10 03:59:42,035 [INFO] 🟢 OK: [India] Rt India (Selected 1 link)
2026-10-10 03:59:42,041 [INFO] 🔴 DEAD: [Documentary] Travel Xp Bangla (All links failed)
2026-10-10 03:59:42,214 [INFO] 🟢 OK: [Movie] Persiana Korea (Selected 1 link)
2026-10-10 03:59:42,299 [INFO] 🟢 OK: [Religious] Mahaa Bhakti (Selected 1 link)
2026-10-10 03:59:42,453 [INFO] 🟢 OK: [Bangladesh] Atn News Hd (Selected 1 link)
2026-10-10 03:59:42,475 [INFO] 🟢 OK: [[Gen] General] Total Bhakti (Selected 1 link)
2026-10-10 03:59:42,494 [INFO] 🔴 DEAD: [India] W_300,Q_85/Es55-Jqbv9Knk3Ahndwc/Posters/13411Be9-62B9-4A99-A062-B6E91Dfb1099.Webp" Group-Title="Hindi",Sony Sab (All links failed)
2026-10-10 03:59:43,078 [INFO] 🔴 DEAD: [India] W_300,Q_85/Ay52-Jqbv9Knk3Ahfdwt/Posters/00Afb30B-3C19-4C4C-Abd8-891Db94E4767.Webp" Group-Title="Hindi Movie",Sony Max (All links failed)
2026-10-10 03:59:43,176 [INFO] 🟢 OK: [Bangladesh] Satv (Selected 1 link)
2026-10-10 03:59:43,398 [INFO] 🟢 OK: [Channels] Axs (Selected 1 link)
2026-10-10 03:59:43,421 [INFO] 🟢 OK: [[Gen] General] Satsang Web Tv (Selected 1 link)
2026-10-10 03:59:43,448 [INFO] 🟢 OK: [Bangladesh] W_300,Q_85/Cxz4Pjwbcqxnfhjbpwrg/Posters/2F913E34-3A6C-45E6-9F1F-97Bf129A2Ff5.Png" Group-Title="Bangladesh",Movie Bangla (Selected 1 link)
2026-10-10 03:59:43,450 [INFO] 🟢 OK: [Religious] Saudi Sunnah Hd (Selected 1 link)
2026-10-10 03:59:43,593 [INFO] 🟢 OK: [English] Discovery Family (Selected 1 link)
2026-10-10 03:59:43,757 [INFO] 🟢 OK: [Sports] Xtrem Sports (Selected 1 link)
2026-10-10 03:59:43,843 [INFO] 🟢 OK: [English] Fox Business (Selected 1 link)
2026-10-10 03:59:43,949 [INFO] 🟢 OK: [English] Fox 5 (Selected 1 link)
2026-10-10 03:59:44,021 [INFO] 🟢 OK: [[Gen] General] Channel Divya (Selected 1 link)
2026-10-10 03:59:44,026 [INFO] 🟢 OK: [English] Food Network (Selected 1 link)
2026-10-10 03:59:44,311 [INFO] 🟢 OK: [English] Travel Channel (Selected 1 link)
2026-10-10 03:59:44,377 [INFO] 🟢 OK: [English] Mtv (Selected 1 link)
2026-10-10 03:59:44,499 [INFO] 🟢 OK: [Kids] Nicktoons (Selected 1 link)
2026-10-10 03:59:44,506 [INFO] 🟢 OK: [India] Sheemaroo Bollywood (Selected 1 link)
2026-10-10 03:59:44,525 [INFO] 🟢 OK: [English] Nat Geo Tv (Selected 1 link)
2026-10-10 03:59:44,768 [INFO] 🟢 OK: [Bangladesh] W_300,Q_85/Jik-_Pobeef-9-Uvzv6L/Posters/757A328E-70D6-45De-B093-0A843C69Ade7.Png" Group-Title="Bangladesh",Bangla Tv (Selected 1 link)
2026-10-10 03:59:44,887 [INFO] 🟢 OK: [English] Usa Tv (Selected 1 link)
2026-10-10 03:59:44,966 [INFO] 🟢 OK: [Others] Dangal2 (Selected 1 link)
2026-10-10 03:59:45,006 [INFO] 🟢 OK: [Kids] Ytv (Selected 1 link)
2026-10-10 03:59:45,304 [INFO] 🟢 OK: [Bangladesh] W_300,Q_85/Bns4L5Sbcqxnfhjbvz32/Posters/Feaf9F3D-Cc3B-4A3D-81A3-2Cb703E561Eb.Png" Group-Title="Bangladesh",Bijoy Tv (Selected 1 link)
2026-10-10 03:59:45,371 [INFO] 🟢 OK: [Weather] Discover Paikstan (Selected 1 link)
2026-10-10 03:59:45,893 [INFO] 🟢 OK: [India] Rongeen Tv (Selected 1 link)
2026-10-10 03:59:45,947 [INFO] 🔴 DEAD: [[Gen] General] Sanskar Tv (All links failed)
2026-10-10 03:59:46,006 [INFO] 🟢 OK: [Bangladesh] W_300,Q_85/Kecgb54Buusibsg_Dhyj/Posters/58Af9C58-Ed80-458C-Af13-Cf381680Cec6.Png" Group-Title="Bangladesh",Rajdhani Tv (Selected 1 link)
2026-10-10 03:59:46,103 [INFO] 🔴 DEAD: [[Gen] General] Satsang Tv (All links failed)
2026-10-10 03:59:46,120 [INFO] 🟢 OK: [Others] Dd National Hd (Selected 1 link)
2026-10-10 03:59:48,246 [INFO] 🟢 OK: [VOD / Movies] Hindi Movies 3 (Selected 1 link)
2026-10-10 03:59:48,457 [INFO] 🟢 OK: [Bangladesh] News 21 Bangla (Selected 1 link)
2026-10-10 03:59:48,553 [INFO] 🟢 OK: [Music] Power Turk (Selected 1 link)
2026-10-10 03:59:50,768 [INFO] 🔴 DEAD: [VOD / Movies] Star Movies Hd (All links failed)
2026-10-10 03:59:50,819 [INFO] 🔴 DEAD: [India] Star Jalsha Sd (All links failed)
2026-10-10 03:59:51,758 [INFO] 🔴 DEAD: [Others] Aap Ki Adalat (All links failed)
2026-10-10 03:59:56,064 [INFO] 🔴 DEAD: [Kids] Nick Bangla (All links failed)
2026-10-10 03:59:57,007 [INFO] 🔴 DEAD: [India] Zee Bangla Chinena (All links failed)
2026-10-10 03:59:57,082 [INFO] 🔴 DEAD: [Bangladesh] Dhoom Music (All links failed)
2026-10-10 03:59:57,083 [INFO] 🔴 DEAD: [India] Zee Anmol Tv (All links failed)
2026-10-10 03:59:57,083 [INFO] 🔴 DEAD: [India] Big Magic (All links failed)
2026-10-10 03:59:57,138 [INFO] 🔴 DEAD: [India] Bbc World (All links failed)
2026-10-10 03:59:57,138 [INFO] 📊 Progress: Checked 1279 / 1279 Channels
2026-10-10 03:59:57,144 [INFO] 💾 Sorting and saving results to file...
2026-10-10 03:59:57,146 [INFO] 🎉 Done! Working Channels: 887 | Dead/Discarded Links: 631
